  pch.cpp
E:\Users\megal\source\repos\JBS3\v8\include\v8-platform.h(1235,17): warning C4244: 'return': conversion from 'double' to 'int64_t', possible loss of data
  (compiling source file 'pch.cpp')
  
  dllmain.cpp
E:\Users\megal\source\repos\PeggleScripting\dllmain.cpp(7,9): warning C4005: 'V8_31BIT_SMIS_ON_64BIT_ARCH': macro redefinition
      E:\Users\megal\source\repos\PeggleScripting\dllmain.cpp(7,9):
      'V8_31BIT_SMIS_ON_64BIT_ARCH' previously declared on the command line
  
E:\Users\megal\source\repos\PeggleScripting\dllmain.cpp(8,9): warning C4005: '_CRT_SECURE_NO_WARNINGS': macro redefinition
      E:\Users\megal\source\repos\PeggleScripting\dllmain.cpp(8,9):
      '_CRT_SECURE_NO_WARNINGS' previously declared on the command line
  
E:\Users\megal\source\repos\PeggleScripting\dllmain.cpp(4,9): warning C4603: 'V8_ENABLE_SANDBOX': macro is not defined or definition is different after precompiled header use
  (compiling source file '/dllmain.cpp')
      E:\Users\megal\source\repos\PeggleScripting\dllmain.cpp(4,9):
      Add macro to precompiled header instead of defining here
      E:\Users\megal\source\repos\PeggleScripting\dllmain.cpp(10,1):
      use of precompiled header
  
E:\Users\megal\source\repos\PeggleScripting\dllmain.cpp(5,9): warning C4603: 'V8_COMPRESS_POINTERS': macro is not defined or definition is different after precompiled header use
  (compiling source file '/dllmain.cpp')
      E:\Users\megal\source\repos\PeggleScripting\dllmain.cpp(5,9):
      Add macro to precompiled header instead of defining here
      E:\Users\megal\source\repos\PeggleScripting\dllmain.cpp(10,1):
      use of precompiled header
  
E:\Users\megal\source\repos\PeggleScripting\dllmain.cpp(7,9): warning C4603: 'V8_31BIT_SMIS_ON_64BIT_ARCH': macro is not defined or definition is different after precompiled header use
  (compiling source file '/dllmain.cpp')
      E:\Users\megal\source\repos\PeggleScripting\dllmain.cpp(7,9):
      Add macro to precompiled header instead of defining here
      E:\Users\megal\source\repos\PeggleScripting\dllmain.cpp(10,1):
      use of precompiled header
  
E:\Users\megal\source\repos\PeggleScripting\dllmain.cpp(8,9): warning C4603: '_CRT_SECURE_NO_WARNINGS': macro is not defined or definition is different after precompiled header use
  (compiling source file '/dllmain.cpp')
      E:\Users\megal\source\repos\PeggleScripting\dllmain.cpp(8,9):
      Add macro to precompiled header instead of defining here
      E:\Users\megal\source\repos\PeggleScripting\dllmain.cpp(10,1):
      use of precompiled header
  
E:\Users\megal\source\repos\PeggleScripting\dllmain.cpp(263,31): warning C4477: 'snprintf' : format string '%u' requires an argument of type 'unsigned int', but variadic argument 1 has type 'void *'
  (compiling source file '/dllmain.cpp')
  
  FileWatcher.cpp
E:\Users\megal\source\repos\PeggleScripting\FileWatcher.cpp(5,20): warning C4083: expected 'string'; found identifier 'print'
  (compiling source file '/FileWatcher.cpp')
  
E:\Users\megal\source\repos\PeggleScripting\FileWatcher.cpp(6,20): warning C4083: expected 'string'; found identifier 'wprint'
  (compiling source file '/FileWatcher.cpp')
  
E:\Users\megal\source\repos\PeggleScripting\FileWatcher.cpp(7,9): warning C4005: 'print': macro redefinition
  (compiling source file '/FileWatcher.cpp')
      E:\Users\megal\source\repos\PeggleScripting\framework.h(16,9):
      see previous definition of 'print'
  
E:\Users\megal\source\repos\PeggleScripting\FileWatcher.cpp(8,9): warning C4005: 'wprint': macro redefinition
  (compiling source file '/FileWatcher.cpp')
      E:\Users\megal\source\repos\PeggleScripting\framework.h(17,9):
      see previous definition of 'wprint'
  
E:\Users\megal\source\repos\PeggleScripting\FileWatcher.cpp(122,19): warning C4083: expected 'string'; found identifier 'wprint'
  (compiling source file '/FileWatcher.cpp')
  
E:\Users\megal\source\repos\PeggleScripting\FileWatcher.cpp(123,19): warning C4083: expected 'string'; found identifier 'print'
  (compiling source file '/FileWatcher.cpp')
  
  Peggle.cpp
E:\Users\megal\source\repos\PeggleScripting\Peggle.cpp(480,20): warning C4244: 'initializing': conversion from 'T' to 'ULONG_PTR', possible loss of data
E:\Users\megal\source\repos\PeggleScripting\Peggle.cpp(480,20): warning C4244:         with
E:\Users\megal\source\repos\PeggleScripting\Peggle.cpp(480,20): warning C4244:         [
E:\Users\megal\source\repos\PeggleScripting\Peggle.cpp(480,20): warning C4244:             T=int64_t
E:\Users\megal\source\repos\PeggleScripting\Peggle.cpp(480,20): warning C4244:         ]
  (compiling source file '/Peggle.cpp')
  
E:\Users\megal\source\repos\PeggleScripting\Peggle.cpp(482,12): warning C4244: '=': conversion from 'T' to 'DWORD', possible loss of data
E:\Users\megal\source\repos\PeggleScripting\Peggle.cpp(482,12): warning C4244:         with
E:\Users\megal\source\repos\PeggleScripting\Peggle.cpp(482,12): warning C4244:         [
E:\Users\megal\source\repos\PeggleScripting\Peggle.cpp(482,12): warning C4244:             T=int64_t
E:\Users\megal\source\repos\PeggleScripting\Peggle.cpp(482,12): warning C4244:         ]
  (compiling source file '/Peggle.cpp')
  
E:\Users\megal\source\repos\PeggleScripting\Peggle.cpp(488,20): warning C4244: 'initializing': conversion from 'T' to 'ULONG_PTR', possible loss of data
E:\Users\megal\source\repos\PeggleScripting\Peggle.cpp(488,20): warning C4244:         with
E:\Users\megal\source\repos\PeggleScripting\Peggle.cpp(488,20): warning C4244:         [
E:\Users\megal\source\repos\PeggleScripting\Peggle.cpp(488,20): warning C4244:             T=int64_t
E:\Users\megal\source\repos\PeggleScripting\Peggle.cpp(488,20): warning C4244:         ]
  (compiling source file '/Peggle.cpp')
  
E:\Users\megal\source\repos\PeggleScripting\Peggle.cpp(495,20): warning C4244: 'initializing': conversion from 'T' to 'ULONG_PTR', possible loss of data
E:\Users\megal\source\repos\PeggleScripting\Peggle.cpp(495,20): warning C4244:         with
E:\Users\megal\source\repos\PeggleScripting\Peggle.cpp(495,20): warning C4244:         [
E:\Users\megal\source\repos\PeggleScripting\Peggle.cpp(495,20): warning C4244:             T=int64_t
E:\Users\megal\source\repos\PeggleScripting\Peggle.cpp(495,20): warning C4244:         ]
  (compiling source file '/Peggle.cpp')
  
E:\Users\megal\source\repos\PeggleScripting\Peggle.cpp(497,12): warning C4244: '=': conversion from 'double' to 'float', possible loss of data
  (compiling source file '/Peggle.cpp')
  
E:\Users\megal\source\repos\PeggleScripting\Peggle.cpp(503,20): warning C4244: 'initializing': conversion from 'T' to 'ULONG_PTR', possible loss of data
E:\Users\megal\source\repos\PeggleScripting\Peggle.cpp(503,20): warning C4244:         with
E:\Users\megal\source\repos\PeggleScripting\Peggle.cpp(503,20): warning C4244:         [
E:\Users\megal\source\repos\PeggleScripting\Peggle.cpp(503,20): warning C4244:             T=int64_t
E:\Users\megal\source\repos\PeggleScripting\Peggle.cpp(503,20): warning C4244:         ]
  (compiling source file '/Peggle.cpp')
  
E:\Users\megal\source\repos\PeggleScripting\Peggle.cpp(595,9): warning C4244: 'initializing': conversion from 'T' to 'ULONG_PTR', possible loss of data
E:\Users\megal\source\repos\PeggleScripting\Peggle.cpp(595,9): warning C4244:         with
E:\Users\megal\source\repos\PeggleScripting\Peggle.cpp(595,9): warning C4244:         [
E:\Users\megal\source\repos\PeggleScripting\Peggle.cpp(595,9): warning C4244:             T=int64_t
E:\Users\megal\source\repos\PeggleScripting\Peggle.cpp(595,9): warning C4244:         ]
  (compiling source file '/Peggle.cpp')
  
E:\Users\megal\source\repos\PeggleScripting\Peggle.cpp(595,9): warning C4244: '=': conversion from 'T' to 'DWORD', possible loss of data
E:\Users\megal\source\repos\PeggleScripting\Peggle.cpp(595,9): warning C4244:         with
E:\Users\megal\source\repos\PeggleScripting\Peggle.cpp(595,9): warning C4244:         [
E:\Users\megal\source\repos\PeggleScripting\Peggle.cpp(595,9): warning C4244:             T=int64_t
E:\Users\megal\source\repos\PeggleScripting\Peggle.cpp(595,9): warning C4244:         ]
  (compiling source file '/Peggle.cpp')
  
E:\Users\megal\source\repos\PeggleScripting\Peggle.cpp(596,9): warning C4244: 'initializing': conversion from 'T' to 'ULONG_PTR', possible loss of data
E:\Users\megal\source\repos\PeggleScripting\Peggle.cpp(596,9): warning C4244:         with
E:\Users\megal\source\repos\PeggleScripting\Peggle.cpp(596,9): warning C4244:         [
E:\Users\megal\source\repos\PeggleScripting\Peggle.cpp(596,9): warning C4244:             T=int64_t
E:\Users\megal\source\repos\PeggleScripting\Peggle.cpp(596,9): warning C4244:         ]
  (compiling source file '/Peggle.cpp')
  
E:\Users\megal\source\repos\PeggleScripting\Peggle.cpp(596,9): warning C4244: '=': conversion from 'T' to 'DWORD', possible loss of data
E:\Users\megal\source\repos\PeggleScripting\Peggle.cpp(596,9): warning C4244:         with
E:\Users\megal\source\repos\PeggleScripting\Peggle.cpp(596,9): warning C4244:         [
E:\Users\megal\source\repos\PeggleScripting\Peggle.cpp(596,9): warning C4244:             T=int64_t
E:\Users\megal\source\repos\PeggleScripting\Peggle.cpp(596,9): warning C4244:         ]
  (compiling source file '/Peggle.cpp')
  
E:\Users\megal\source\repos\PeggleScripting\Peggle.cpp(597,9): warning C4244: 'initializing': conversion from 'T' to 'ULONG_PTR', possible loss of data
E:\Users\megal\source\repos\PeggleScripting\Peggle.cpp(597,9): warning C4244:         with
E:\Users\megal\source\repos\PeggleScripting\Peggle.cpp(597,9): warning C4244:         [
E:\Users\megal\source\repos\PeggleScripting\Peggle.cpp(597,9): warning C4244:             T=int64_t
E:\Users\megal\source\repos\PeggleScripting\Peggle.cpp(597,9): warning C4244:         ]
  (compiling source file '/Peggle.cpp')
  
E:\Users\megal\source\repos\PeggleScripting\Peggle.cpp(597,9): warning C4244: '=': conversion from 'T' to 'BYTE', possible loss of data
E:\Users\megal\source\repos\PeggleScripting\Peggle.cpp(597,9): warning C4244:         with
E:\Users\megal\source\repos\PeggleScripting\Peggle.cpp(597,9): warning C4244:         [
E:\Users\megal\source\repos\PeggleScripting\Peggle.cpp(597,9): warning C4244:             T=int64_t
E:\Users\megal\source\repos\PeggleScripting\Peggle.cpp(597,9): warning C4244:         ]
  (compiling source file '/Peggle.cpp')
  
E:\Users\megal\source\repos\PeggleScripting\Peggle.cpp(598,9): warning C4244: 'initializing': conversion from 'T' to 'ULONG_PTR', possible loss of data
E:\Users\megal\source\repos\PeggleScripting\Peggle.cpp(598,9): warning C4244:         with
E:\Users\megal\source\repos\PeggleScripting\Peggle.cpp(598,9): warning C4244:         [
E:\Users\megal\source\repos\PeggleScripting\Peggle.cpp(598,9): warning C4244:             T=int64_t
E:\Users\megal\source\repos\PeggleScripting\Peggle.cpp(598,9): warning C4244:         ]
  (compiling source file '/Peggle.cpp')
  
E:\Users\megal\source\repos\PeggleScripting\Peggle.cpp(598,9): warning C4244: '=': conversion from 'T' to 'BYTE', possible loss of data
E:\Users\megal\source\repos\PeggleScripting\Peggle.cpp(598,9): warning C4244:         with
E:\Users\megal\source\repos\PeggleScripting\Peggle.cpp(598,9): warning C4244:         [
E:\Users\megal\source\repos\PeggleScripting\Peggle.cpp(598,9): warning C4244:             T=int64_t
E:\Users\megal\source\repos\PeggleScripting\Peggle.cpp(598,9): warning C4244:         ]
  (compiling source file '/Peggle.cpp')
  
E:\Users\megal\source\repos\PeggleScripting\Peggle.cpp(599,9): warning C4244: 'initializing': conversion from 'T' to 'ULONG_PTR', possible loss of data
E:\Users\megal\source\repos\PeggleScripting\Peggle.cpp(599,9): warning C4244:         with
E:\Users\megal\source\repos\PeggleScripting\Peggle.cpp(599,9): warning C4244:         [
E:\Users\megal\source\repos\PeggleScripting\Peggle.cpp(599,9): warning C4244:             T=int64_t
E:\Users\megal\source\repos\PeggleScripting\Peggle.cpp(599,9): warning C4244:         ]
  (compiling source file '/Peggle.cpp')
  
E:\Users\megal\source\repos\PeggleScripting\Peggle.cpp(599,9): warning C4244: '=': conversion from 'T' to 'BYTE', possible loss of data
E:\Users\megal\source\repos\PeggleScripting\Peggle.cpp(599,9): warning C4244:         with
E:\Users\megal\source\repos\PeggleScripting\Peggle.cpp(599,9): warning C4244:         [
E:\Users\megal\source\repos\PeggleScripting\Peggle.cpp(599,9): warning C4244:             T=int64_t
E:\Users\megal\source\repos\PeggleScripting\Peggle.cpp(599,9): warning C4244:         ]
  (compiling source file '/Peggle.cpp')
  
E:\Users\megal\source\repos\PeggleScripting\Peggle.cpp(600,9): warning C4244: 'initializing': conversion from 'T' to 'ULONG_PTR', possible loss of data
E:\Users\megal\source\repos\PeggleScripting\Peggle.cpp(600,9): warning C4244:         with
E:\Users\megal\source\repos\PeggleScripting\Peggle.cpp(600,9): warning C4244:         [
E:\Users\megal\source\repos\PeggleScripting\Peggle.cpp(600,9): warning C4244:             T=int64_t
E:\Users\megal\source\repos\PeggleScripting\Peggle.cpp(600,9): warning C4244:         ]
  (compiling source file '/Peggle.cpp')
  
E:\Users\megal\source\repos\PeggleScripting\Peggle.cpp(600,9): warning C4244: '=': conversion from 'T' to 'DWORD', possible loss of data
E:\Users\megal\source\repos\PeggleScripting\Peggle.cpp(600,9): warning C4244:         with
E:\Users\megal\source\repos\PeggleScripting\Peggle.cpp(600,9): warning C4244:         [
E:\Users\megal\source\repos\PeggleScripting\Peggle.cpp(600,9): warning C4244:             T=int64_t
E:\Users\megal\source\repos\PeggleScripting\Peggle.cpp(600,9): warning C4244:         ]
  (compiling source file '/Peggle.cpp')
  
E:\Users\megal\source\repos\PeggleScripting\Peggle.cpp(614,31): warning C4244: '=': conversion from 'T' to 'ULONG_PTR', possible loss of data
E:\Users\megal\source\repos\PeggleScripting\Peggle.cpp(614,31): warning C4244:         with
E:\Users\megal\source\repos\PeggleScripting\Peggle.cpp(614,31): warning C4244:         [
E:\Users\megal\source\repos\PeggleScripting\Peggle.cpp(614,31): warning C4244:             T=int64_t
E:\Users\megal\source\repos\PeggleScripting\Peggle.cpp(614,31): warning C4244:         ]
  (compiling source file '/Peggle.cpp')
  
E:\Users\megal\source\repos\PeggleScripting\Peggle.cpp(617,31): warning C4244: '=': conversion from 'T' to 'ULONG_PTR', possible loss of data
E:\Users\megal\source\repos\PeggleScripting\Peggle.cpp(617,31): warning C4244:         with
E:\Users\megal\source\repos\PeggleScripting\Peggle.cpp(617,31): warning C4244:         [
E:\Users\megal\source\repos\PeggleScripting\Peggle.cpp(617,31): warning C4244:             T=int64_t
E:\Users\megal\source\repos\PeggleScripting\Peggle.cpp(617,31): warning C4244:         ]
  (compiling source file '/Peggle.cpp')
  
E:\Users\megal\source\repos\PeggleScripting\Peggle.cpp(623,41): warning C4244: 'argument': conversion from 'T' to 'DWORD', possible loss of data
E:\Users\megal\source\repos\PeggleScripting\Peggle.cpp(623,41): warning C4244:         with
E:\Users\megal\source\repos\PeggleScripting\Peggle.cpp(623,41): warning C4244:         [
E:\Users\megal\source\repos\PeggleScripting\Peggle.cpp(623,41): warning C4244:             T=int64_t
E:\Users\megal\source\repos\PeggleScripting\Peggle.cpp(623,41): warning C4244:         ]
  (compiling source file '/Peggle.cpp')
  
E:\Users\megal\source\repos\PeggleScripting\Peggle.cpp(637,29): warning C4244: '=': conversion from 'T' to 'ULONG_PTR', possible loss of data
E:\Users\megal\source\repos\PeggleScripting\Peggle.cpp(637,29): warning C4244:         with
E:\Users\megal\source\repos\PeggleScripting\Peggle.cpp(637,29): warning C4244:         [
E:\Users\megal\source\repos\PeggleScripting\Peggle.cpp(637,29): warning C4244:             T=int64_t
E:\Users\megal\source\repos\PeggleScripting\Peggle.cpp(637,29): warning C4244:         ]
  (compiling source file '/Peggle.cpp')
  
E:\Users\megal\source\repos\PeggleScripting\Peggle.cpp(640,29): warning C4244: '=': conversion from 'T' to 'ULONG_PTR', possible loss of data
E:\Users\megal\source\repos\PeggleScripting\Peggle.cpp(640,29): warning C4244:         with
E:\Users\megal\source\repos\PeggleScripting\Peggle.cpp(640,29): warning C4244:         [
E:\Users\megal\source\repos\PeggleScripting\Peggle.cpp(640,29): warning C4244:             T=int64_t
E:\Users\megal\source\repos\PeggleScripting\Peggle.cpp(640,29): warning C4244:         ]
  (compiling source file '/Peggle.cpp')
  
E:\Users\megal\source\repos\PeggleScripting\Peggle.cpp(646,64): warning C4244: 'argument': conversion from 'double' to 'float', possible loss of data
  (compiling source file '/Peggle.cpp')
  
E:\Users\megal\source\repos\PeggleScripting\Peggle.cpp(646,46): warning C4244: 'argument': conversion from 'double' to 'float', possible loss of data
  (compiling source file '/Peggle.cpp')
  
E:\Users\megal\source\repos\PeggleScripting\Peggle.cpp(651,64): warning C4244: 'argument': conversion from 'double' to 'float', possible loss of data
  (compiling source file '/Peggle.cpp')
  
E:\Users\megal\source\repos\PeggleScripting\Peggle.cpp(651,46): warning C4244: 'argument': conversion from 'double' to 'float', possible loss of data
  (compiling source file '/Peggle.cpp')
  
E:\Users\megal\source\repos\PeggleScripting\Peggle.cpp(686,31): warning C4244: 'initializing': conversion from 'T' to 'ULONG_PTR', possible loss of data
E:\Users\megal\source\repos\PeggleScripting\Peggle.cpp(686,31): warning C4244:         with
E:\Users\megal\source\repos\PeggleScripting\Peggle.cpp(686,31): warning C4244:         [
E:\Users\megal\source\repos\PeggleScripting\Peggle.cpp(686,31): warning C4244:             T=int64_t
E:\Users\megal\source\repos\PeggleScripting\Peggle.cpp(686,31): warning C4244:         ]
  (compiling source file '/Peggle.cpp')
  
E:\Users\megal\source\repos\PeggleScripting\Peggle.cpp(700,31): warning C4244: 'initializing': conversion from 'T' to 'ULONG_PTR', possible loss of data
E:\Users\megal\source\repos\PeggleScripting\Peggle.cpp(700,31): warning C4244:         with
E:\Users\megal\source\repos\PeggleScripting\Peggle.cpp(700,31): warning C4244:         [
E:\Users\megal\source\repos\PeggleScripting\Peggle.cpp(700,31): warning C4244:             T=int64_t
E:\Users\megal\source\repos\PeggleScripting\Peggle.cpp(700,31): warning C4244:         ]
  (compiling source file '/Peggle.cpp')
  
E:\Users\megal\source\repos\PeggleScripting\Peggle.cpp(723,9): warning C4244: 'initializing': conversion from 'T' to 'ULONG_PTR', possible loss of data
E:\Users\megal\source\repos\PeggleScripting\Peggle.cpp(723,9): warning C4244:         with
E:\Users\megal\source\repos\PeggleScripting\Peggle.cpp(723,9): warning C4244:         [
E:\Users\megal\source\repos\PeggleScripting\Peggle.cpp(723,9): warning C4244:             T=int64_t
E:\Users\megal\source\repos\PeggleScripting\Peggle.cpp(723,9): warning C4244:         ]
  (compiling source file '/Peggle.cpp')
  
E:\Users\megal\source\repos\PeggleScripting\Peggle.cpp(723,9): warning C4244: '=': conversion from 'double' to 'float', possible loss of data
  (compiling source file '/Peggle.cpp')
  
E:\Users\megal\source\repos\PeggleScripting\Peggle.cpp(724,9): warning C4244: 'initializing': conversion from 'T' to 'ULONG_PTR', possible loss of data
E:\Users\megal\source\repos\PeggleScripting\Peggle.cpp(724,9): warning C4244:         with
E:\Users\megal\source\repos\PeggleScripting\Peggle.cpp(724,9): warning C4244:         [
E:\Users\megal\source\repos\PeggleScripting\Peggle.cpp(724,9): warning C4244:             T=int64_t
E:\Users\megal\source\repos\PeggleScripting\Peggle.cpp(724,9): warning C4244:         ]
  (compiling source file '/Peggle.cpp')
  
E:\Users\megal\source\repos\PeggleScripting\Peggle.cpp(724,9): warning C4244: '=': conversion from 'double' to 'float', possible loss of data
  (compiling source file '/Peggle.cpp')
  
E:\Users\megal\source\repos\PeggleScripting\Peggle.cpp(725,9): warning C4244: 'initializing': conversion from 'T' to 'ULONG_PTR', possible loss of data
E:\Users\megal\source\repos\PeggleScripting\Peggle.cpp(725,9): warning C4244:         with
E:\Users\megal\source\repos\PeggleScripting\Peggle.cpp(725,9): warning C4244:         [
E:\Users\megal\source\repos\PeggleScripting\Peggle.cpp(725,9): warning C4244:             T=int64_t
E:\Users\megal\source\repos\PeggleScripting\Peggle.cpp(725,9): warning C4244:         ]
  (compiling source file '/Peggle.cpp')
  
E:\Users\megal\source\repos\PeggleScripting\Peggle.cpp(725,9): warning C4244: '=': conversion from 'double' to 'float', possible loss of data
  (compiling source file '/Peggle.cpp')
  
E:\Users\megal\source\repos\PeggleScripting\Peggle.cpp(732,43): warning C4244: 'argument': conversion from 'double' to 'float', possible loss of data
  (compiling source file '/Peggle.cpp')
  
E:\Users\megal\source\repos\PeggleScripting\Peggle.cpp(752,9): warning C4244: 'initializing': conversion from 'T' to 'ULONG_PTR', possible loss of data
E:\Users\megal\source\repos\PeggleScripting\Peggle.cpp(752,9): warning C4244:         with
E:\Users\megal\source\repos\PeggleScripting\Peggle.cpp(752,9): warning C4244:         [
E:\Users\megal\source\repos\PeggleScripting\Peggle.cpp(752,9): warning C4244:             T=int64_t
E:\Users\megal\source\repos\PeggleScripting\Peggle.cpp(752,9): warning C4244:         ]
  (compiling source file '/Peggle.cpp')
  
E:\Users\megal\source\repos\PeggleScripting\Peggle.cpp(752,9): warning C4244: '=': conversion from 'T' to 'BYTE', possible loss of data
E:\Users\megal\source\repos\PeggleScripting\Peggle.cpp(752,9): warning C4244:         with
E:\Users\megal\source\repos\PeggleScripting\Peggle.cpp(752,9): warning C4244:         [
E:\Users\megal\source\repos\PeggleScripting\Peggle.cpp(752,9): warning C4244:             T=int64_t
E:\Users\megal\source\repos\PeggleScripting\Peggle.cpp(752,9): warning C4244:         ]
  (compiling source file '/Peggle.cpp')
  
E:\Users\megal\source\repos\PeggleScripting\Peggle.cpp(753,9): warning C4244: 'initializing': conversion from 'T' to 'ULONG_PTR', possible loss of data
E:\Users\megal\source\repos\PeggleScripting\Peggle.cpp(753,9): warning C4244:         with
E:\Users\megal\source\repos\PeggleScripting\Peggle.cpp(753,9): warning C4244:         [
E:\Users\megal\source\repos\PeggleScripting\Peggle.cpp(753,9): warning C4244:             T=int64_t
E:\Users\megal\source\repos\PeggleScripting\Peggle.cpp(753,9): warning C4244:         ]
  (compiling source file '/Peggle.cpp')
  
E:\Users\megal\source\repos\PeggleScripting\Peggle.cpp(753,9): warning C4244: '=': conversion from 'double' to 'float', possible loss of data
  (compiling source file '/Peggle.cpp')
  
E:\Users\megal\source\repos\PeggleScripting\Peggle.cpp(754,9): warning C4244: 'initializing': conversion from 'T' to 'ULONG_PTR', possible loss of data
E:\Users\megal\source\repos\PeggleScripting\Peggle.cpp(754,9): warning C4244:         with
E:\Users\megal\source\repos\PeggleScripting\Peggle.cpp(754,9): warning C4244:         [
E:\Users\megal\source\repos\PeggleScripting\Peggle.cpp(754,9): warning C4244:             T=int64_t
E:\Users\megal\source\repos\PeggleScripting\Peggle.cpp(754,9): warning C4244:         ]
  (compiling source file '/Peggle.cpp')
  
E:\Users\megal\source\repos\PeggleScripting\Peggle.cpp(754,9): warning C4244: '=': conversion from 'double' to 'float', possible loss of data
  (compiling source file '/Peggle.cpp')
  
E:\Users\megal\source\repos\PeggleScripting\Peggle.cpp(758,9): warning C4244: 'initializing': conversion from 'T' to 'ULONG_PTR', possible loss of data
E:\Users\megal\source\repos\PeggleScripting\Peggle.cpp(758,9): warning C4244:         with
E:\Users\megal\source\repos\PeggleScripting\Peggle.cpp(758,9): warning C4244:         [
E:\Users\megal\source\repos\PeggleScripting\Peggle.cpp(758,9): warning C4244:             T=int64_t
E:\Users\megal\source\repos\PeggleScripting\Peggle.cpp(758,9): warning C4244:         ]
  (compiling source file '/Peggle.cpp')
  
E:\Users\megal\source\repos\PeggleScripting\Peggle.cpp(758,9): warning C4244: '=': conversion from 'double' to 'float', possible loss of data
  (compiling source file '/Peggle.cpp')
  
E:\Users\megal\source\repos\PeggleScripting\Peggle.cpp(759,9): warning C4244: 'initializing': conversion from 'T' to 'ULONG_PTR', possible loss of data
E:\Users\megal\source\repos\PeggleScripting\Peggle.cpp(759,9): warning C4244:         with
E:\Users\megal\source\repos\PeggleScripting\Peggle.cpp(759,9): warning C4244:         [
E:\Users\megal\source\repos\PeggleScripting\Peggle.cpp(759,9): warning C4244:             T=int64_t
E:\Users\megal\source\repos\PeggleScripting\Peggle.cpp(759,9): warning C4244:         ]
  (compiling source file '/Peggle.cpp')
  
E:\Users\megal\source\repos\PeggleScripting\Peggle.cpp(759,9): warning C4244: '=': conversion from 'double' to 'float', possible loss of data
  (compiling source file '/Peggle.cpp')
  
E:\Users\megal\source\repos\PeggleScripting\Peggle.cpp(760,9): warning C4244: 'initializing': conversion from 'T' to 'ULONG_PTR', possible loss of data
E:\Users\megal\source\repos\PeggleScripting\Peggle.cpp(760,9): warning C4244:         with
E:\Users\megal\source\repos\PeggleScripting\Peggle.cpp(760,9): warning C4244:         [
E:\Users\megal\source\repos\PeggleScripting\Peggle.cpp(760,9): warning C4244:             T=int64_t
E:\Users\megal\source\repos\PeggleScripting\Peggle.cpp(760,9): warning C4244:         ]
  (compiling source file '/Peggle.cpp')
  
E:\Users\megal\source\repos\PeggleScripting\Peggle.cpp(760,9): warning C4244: '=': conversion from 'double' to 'float', possible loss of data
  (compiling source file '/Peggle.cpp')
  
E:\Users\megal\source\repos\PeggleScripting\Peggle.cpp(761,9): warning C4244: 'initializing': conversion from 'T' to 'ULONG_PTR', possible loss of data
E:\Users\megal\source\repos\PeggleScripting\Peggle.cpp(761,9): warning C4244:         with
E:\Users\megal\source\repos\PeggleScripting\Peggle.cpp(761,9): warning C4244:         [
E:\Users\megal\source\repos\PeggleScripting\Peggle.cpp(761,9): warning C4244:             T=int64_t
E:\Users\megal\source\repos\PeggleScripting\Peggle.cpp(761,9): warning C4244:         ]
  (compiling source file '/Peggle.cpp')
  
E:\Users\megal\source\repos\PeggleScripting\Peggle.cpp(761,9): warning C4244: '=': conversion from 'double' to 'float', possible loss of data
  (compiling source file '/Peggle.cpp')
  
E:\Users\megal\source\repos\PeggleScripting\Peggle.cpp(762,9): warning C4244: 'initializing': conversion from 'T' to 'ULONG_PTR', possible loss of data
E:\Users\megal\source\repos\PeggleScripting\Peggle.cpp(762,9): warning C4244:         with
E:\Users\megal\source\repos\PeggleScripting\Peggle.cpp(762,9): warning C4244:         [
E:\Users\megal\source\repos\PeggleScripting\Peggle.cpp(762,9): warning C4244:             T=int64_t
E:\Users\megal\source\repos\PeggleScripting\Peggle.cpp(762,9): warning C4244:         ]
  (compiling source file '/Peggle.cpp')
  
E:\Users\megal\source\repos\PeggleScripting\Peggle.cpp(762,9): warning C4244: '=': conversion from 'double' to 'float', possible loss of data
  (compiling source file '/Peggle.cpp')
  
E:\Users\megal\source\repos\PeggleScripting\Peggle.cpp(763,9): warning C4244: 'initializing': conversion from 'T' to 'ULONG_PTR', possible loss of data
E:\Users\megal\source\repos\PeggleScripting\Peggle.cpp(763,9): warning C4244:         with
E:\Users\megal\source\repos\PeggleScripting\Peggle.cpp(763,9): warning C4244:         [
E:\Users\megal\source\repos\PeggleScripting\Peggle.cpp(763,9): warning C4244:             T=int64_t
E:\Users\megal\source\repos\PeggleScripting\Peggle.cpp(763,9): warning C4244:         ]
  (compiling source file '/Peggle.cpp')
  
E:\Users\megal\source\repos\PeggleScripting\Peggle.cpp(763,9): warning C4244: '=': conversion from 'T' to 'BYTE', possible loss of data
E:\Users\megal\source\repos\PeggleScripting\Peggle.cpp(763,9): warning C4244:         with
E:\Users\megal\source\repos\PeggleScripting\Peggle.cpp(763,9): warning C4244:         [
E:\Users\megal\source\repos\PeggleScripting\Peggle.cpp(763,9): warning C4244:             T=int64_t
E:\Users\megal\source\repos\PeggleScripting\Peggle.cpp(763,9): warning C4244:         ]
  (compiling source file '/Peggle.cpp')
  
E:\Users\megal\source\repos\PeggleScripting\Peggle.cpp(764,9): warning C4244: 'initializing': conversion from 'T' to 'ULONG_PTR', possible loss of data
E:\Users\megal\source\repos\PeggleScripting\Peggle.cpp(764,9): warning C4244:         with
E:\Users\megal\source\repos\PeggleScripting\Peggle.cpp(764,9): warning C4244:         [
E:\Users\megal\source\repos\PeggleScripting\Peggle.cpp(764,9): warning C4244:             T=int64_t
E:\Users\megal\source\repos\PeggleScripting\Peggle.cpp(764,9): warning C4244:         ]
  (compiling source file '/Peggle.cpp')
  
E:\Users\megal\source\repos\PeggleScripting\Peggle.cpp(764,9): warning C4244: '=': conversion from 'T' to 'BYTE', possible loss of data
E:\Users\megal\source\repos\PeggleScripting\Peggle.cpp(764,9): warning C4244:         with
E:\Users\megal\source\repos\PeggleScripting\Peggle.cpp(764,9): warning C4244:         [
E:\Users\megal\source\repos\PeggleScripting\Peggle.cpp(764,9): warning C4244:             T=int64_t
E:\Users\megal\source\repos\PeggleScripting\Peggle.cpp(764,9): warning C4244:         ]
  (compiling source file '/Peggle.cpp')
  
E:\Users\megal\source\repos\PeggleScripting\Peggle.cpp(765,9): warning C4244: 'initializing': conversion from 'T' to 'ULONG_PTR', possible loss of data
E:\Users\megal\source\repos\PeggleScripting\Peggle.cpp(765,9): warning C4244:         with
E:\Users\megal\source\repos\PeggleScripting\Peggle.cpp(765,9): warning C4244:         [
E:\Users\megal\source\repos\PeggleScripting\Peggle.cpp(765,9): warning C4244:             T=int64_t
E:\Users\megal\source\repos\PeggleScripting\Peggle.cpp(765,9): warning C4244:         ]
  (compiling source file '/Peggle.cpp')
  
E:\Users\megal\source\repos\PeggleScripting\Peggle.cpp(765,9): warning C4244: '=': conversion from 'double' to 'float', possible loss of data
  (compiling source file '/Peggle.cpp')
  
E:\Users\megal\source\repos\PeggleScripting\Peggle.cpp(800,9): warning C4244: 'initializing': conversion from 'T' to 'ULONG_PTR', possible loss of data
E:\Users\megal\source\repos\PeggleScripting\Peggle.cpp(800,9): warning C4244:         with
E:\Users\megal\source\repos\PeggleScripting\Peggle.cpp(800,9): warning C4244:         [
E:\Users\megal\source\repos\PeggleScripting\Peggle.cpp(800,9): warning C4244:             T=int64_t
E:\Users\megal\source\repos\PeggleScripting\Peggle.cpp(800,9): warning C4244:         ]
  (compiling source file '/Peggle.cpp')
  
E:\Users\megal\source\repos\PeggleScripting\Peggle.cpp(800,9): warning C4244: '=': conversion from 'T' to 'DWORD', possible loss of data
E:\Users\megal\source\repos\PeggleScripting\Peggle.cpp(800,9): warning C4244:         with
E:\Users\megal\source\repos\PeggleScripting\Peggle.cpp(800,9): warning C4244:         [
E:\Users\megal\source\repos\PeggleScripting\Peggle.cpp(800,9): warning C4244:             T=int64_t
E:\Users\megal\source\repos\PeggleScripting\Peggle.cpp(800,9): warning C4244:         ]
  (compiling source file '/Peggle.cpp')
  
E:\Users\megal\source\repos\PeggleScripting\Peggle.cpp(801,9): warning C4244: 'initializing': conversion from 'T' to 'ULONG_PTR', possible loss of data
E:\Users\megal\source\repos\PeggleScripting\Peggle.cpp(801,9): warning C4244:         with
E:\Users\megal\source\repos\PeggleScripting\Peggle.cpp(801,9): warning C4244:         [
E:\Users\megal\source\repos\PeggleScripting\Peggle.cpp(801,9): warning C4244:             T=int64_t
E:\Users\megal\source\repos\PeggleScripting\Peggle.cpp(801,9): warning C4244:         ]
  (compiling source file '/Peggle.cpp')
  
E:\Users\megal\source\repos\PeggleScripting\Peggle.cpp(801,9): warning C4244: '=': conversion from 'T' to 'DWORD', possible loss of data
E:\Users\megal\source\repos\PeggleScripting\Peggle.cpp(801,9): warning C4244:         with
E:\Users\megal\source\repos\PeggleScripting\Peggle.cpp(801,9): warning C4244:         [
E:\Users\megal\source\repos\PeggleScripting\Peggle.cpp(801,9): warning C4244:             T=int64_t
E:\Users\megal\source\repos\PeggleScripting\Peggle.cpp(801,9): warning C4244:         ]
  (compiling source file '/Peggle.cpp')
  
E:\Users\megal\source\repos\PeggleScripting\Peggle.cpp(803,9): warning C4244: 'initializing': conversion from 'T' to 'ULONG_PTR', possible loss of data
E:\Users\megal\source\repos\PeggleScripting\Peggle.cpp(803,9): warning C4244:         with
E:\Users\megal\source\repos\PeggleScripting\Peggle.cpp(803,9): warning C4244:         [
E:\Users\megal\source\repos\PeggleScripting\Peggle.cpp(803,9): warning C4244:             T=int64_t
E:\Users\megal\source\repos\PeggleScripting\Peggle.cpp(803,9): warning C4244:         ]
  (compiling source file '/Peggle.cpp')
  
E:\Users\megal\source\repos\PeggleScripting\Peggle.cpp(803,9): warning C4244: '=': conversion from 'T' to 'BYTE', possible loss of data
E:\Users\megal\source\repos\PeggleScripting\Peggle.cpp(803,9): warning C4244:         with
E:\Users\megal\source\repos\PeggleScripting\Peggle.cpp(803,9): warning C4244:         [
E:\Users\megal\source\repos\PeggleScripting\Peggle.cpp(803,9): warning C4244:             T=int64_t
E:\Users\megal\source\repos\PeggleScripting\Peggle.cpp(803,9): warning C4244:         ]
  (compiling source file '/Peggle.cpp')
  
E:\Users\megal\source\repos\PeggleScripting\Peggle.cpp(804,9): warning C4244: 'initializing': conversion from 'T' to 'ULONG_PTR', possible loss of data
E:\Users\megal\source\repos\PeggleScripting\Peggle.cpp(804,9): warning C4244:         with
E:\Users\megal\source\repos\PeggleScripting\Peggle.cpp(804,9): warning C4244:         [
E:\Users\megal\source\repos\PeggleScripting\Peggle.cpp(804,9): warning C4244:             T=int64_t
E:\Users\megal\source\repos\PeggleScripting\Peggle.cpp(804,9): warning C4244:         ]
  (compiling source file '/Peggle.cpp')
  
E:\Users\megal\source\repos\PeggleScripting\Peggle.cpp(804,9): warning C4244: '=': conversion from 'T' to 'DWORD', possible loss of data
E:\Users\megal\source\repos\PeggleScripting\Peggle.cpp(804,9): warning C4244:         with
E:\Users\megal\source\repos\PeggleScripting\Peggle.cpp(804,9): warning C4244:         [
E:\Users\megal\source\repos\PeggleScripting\Peggle.cpp(804,9): warning C4244:             T=int64_t
E:\Users\megal\source\repos\PeggleScripting\Peggle.cpp(804,9): warning C4244:         ]
  (compiling source file '/Peggle.cpp')
  
E:\Users\megal\source\repos\PeggleScripting\Peggle.cpp(805,9): warning C4244: 'initializing': conversion from 'T' to 'ULONG_PTR', possible loss of data
E:\Users\megal\source\repos\PeggleScripting\Peggle.cpp(805,9): warning C4244:         with
E:\Users\megal\source\repos\PeggleScripting\Peggle.cpp(805,9): warning C4244:         [
E:\Users\megal\source\repos\PeggleScripting\Peggle.cpp(805,9): warning C4244:             T=int64_t
E:\Users\megal\source\repos\PeggleScripting\Peggle.cpp(805,9): warning C4244:         ]
  (compiling source file '/Peggle.cpp')
  
E:\Users\megal\source\repos\PeggleScripting\Peggle.cpp(805,9): warning C4244: '=': conversion from 'T' to 'DWORD', possible loss of data
E:\Users\megal\source\repos\PeggleScripting\Peggle.cpp(805,9): warning C4244:         with
E:\Users\megal\source\repos\PeggleScripting\Peggle.cpp(805,9): warning C4244:         [
E:\Users\megal\source\repos\PeggleScripting\Peggle.cpp(805,9): warning C4244:             T=int64_t
E:\Users\megal\source\repos\PeggleScripting\Peggle.cpp(805,9): warning C4244:         ]
  (compiling source file '/Peggle.cpp')
  
E:\Users\megal\source\repos\PeggleScripting\Peggle.cpp(813,9): warning C4244: 'initializing': conversion from 'T' to 'ULONG_PTR', possible loss of data
E:\Users\megal\source\repos\PeggleScripting\Peggle.cpp(813,9): warning C4244:         with
E:\Users\megal\source\repos\PeggleScripting\Peggle.cpp(813,9): warning C4244:         [
E:\Users\megal\source\repos\PeggleScripting\Peggle.cpp(813,9): warning C4244:             T=int64_t
E:\Users\megal\source\repos\PeggleScripting\Peggle.cpp(813,9): warning C4244:         ]
  (compiling source file '/Peggle.cpp')
  
E:\Users\megal\source\repos\PeggleScripting\Peggle.cpp(813,9): warning C4244: '=': conversion from 'T' to 'DWORD', possible loss of data
E:\Users\megal\source\repos\PeggleScripting\Peggle.cpp(813,9): warning C4244:         with
E:\Users\megal\source\repos\PeggleScripting\Peggle.cpp(813,9): warning C4244:         [
E:\Users\megal\source\repos\PeggleScripting\Peggle.cpp(813,9): warning C4244:             T=int64_t
E:\Users\megal\source\repos\PeggleScripting\Peggle.cpp(813,9): warning C4244:         ]
  (compiling source file '/Peggle.cpp')
  
E:\Users\megal\source\repos\PeggleScripting\Peggle.cpp(814,9): warning C4244: 'initializing': conversion from 'T' to 'ULONG_PTR', possible loss of data
E:\Users\megal\source\repos\PeggleScripting\Peggle.cpp(814,9): warning C4244:         with
E:\Users\megal\source\repos\PeggleScripting\Peggle.cpp(814,9): warning C4244:         [
E:\Users\megal\source\repos\PeggleScripting\Peggle.cpp(814,9): warning C4244:             T=int64_t
E:\Users\megal\source\repos\PeggleScripting\Peggle.cpp(814,9): warning C4244:         ]
  (compiling source file '/Peggle.cpp')
  
E:\Users\megal\source\repos\PeggleScripting\Peggle.cpp(814,9): warning C4244: '=': conversion from 'T' to 'DWORD', possible loss of data
E:\Users\megal\source\repos\PeggleScripting\Peggle.cpp(814,9): warning C4244:         with
E:\Users\megal\source\repos\PeggleScripting\Peggle.cpp(814,9): warning C4244:         [
E:\Users\megal\source\repos\PeggleScripting\Peggle.cpp(814,9): warning C4244:             T=int64_t
E:\Users\megal\source\repos\PeggleScripting\Peggle.cpp(814,9): warning C4244:         ]
  (compiling source file '/Peggle.cpp')
  
E:\Users\megal\source\repos\PeggleScripting\Peggle.cpp(818,37): warning C4244: 'argument': conversion from 'T' to 'DWORD', possible loss of data
E:\Users\megal\source\repos\PeggleScripting\Peggle.cpp(818,37): warning C4244:         with
E:\Users\megal\source\repos\PeggleScripting\Peggle.cpp(818,37): warning C4244:         [
E:\Users\megal\source\repos\PeggleScripting\Peggle.cpp(818,37): warning C4244:             T=int64_t
E:\Users\megal\source\repos\PeggleScripting\Peggle.cpp(818,37): warning C4244:         ]
  (compiling source file '/Peggle.cpp')
  
E:\Users\megal\source\repos\PeggleScripting\Peggle.cpp(823,47): warning C4244: 'argument': conversion from 'T' to 'DWORD', possible loss of data
E:\Users\megal\source\repos\PeggleScripting\Peggle.cpp(823,47): warning C4244:         with
E:\Users\megal\source\repos\PeggleScripting\Peggle.cpp(823,47): warning C4244:         [
E:\Users\megal\source\repos\PeggleScripting\Peggle.cpp(823,47): warning C4244:             T=int64_t
E:\Users\megal\source\repos\PeggleScripting\Peggle.cpp(823,47): warning C4244:         ]
  (compiling source file '/Peggle.cpp')
  
E:\Users\megal\source\repos\PeggleScripting\Peggle.cpp(828,41): warning C4244: 'argument': conversion from 'T' to 'DWORD', possible loss of data
E:\Users\megal\source\repos\PeggleScripting\Peggle.cpp(828,41): warning C4244:         with
E:\Users\megal\source\repos\PeggleScripting\Peggle.cpp(828,41): warning C4244:         [
E:\Users\megal\source\repos\PeggleScripting\Peggle.cpp(828,41): warning C4244:             T=int64_t
E:\Users\megal\source\repos\PeggleScripting\Peggle.cpp(828,41): warning C4244:         ]
  (compiling source file '/Peggle.cpp')
  
E:\Users\megal\source\repos\PeggleScripting\Peggle.cpp(842,9): warning C4244: 'initializing': conversion from 'T' to 'ULONG_PTR', possible loss of data
E:\Users\megal\source\repos\PeggleScripting\Peggle.cpp(842,9): warning C4244:         with
E:\Users\megal\source\repos\PeggleScripting\Peggle.cpp(842,9): warning C4244:         [
E:\Users\megal\source\repos\PeggleScripting\Peggle.cpp(842,9): warning C4244:             T=int64_t
E:\Users\megal\source\repos\PeggleScripting\Peggle.cpp(842,9): warning C4244:         ]
  (compiling source file '/Peggle.cpp')
  
E:\Users\megal\source\repos\PeggleScripting\Peggle.cpp(842,9): warning C4244: '=': conversion from 'T' to 'DWORD', possible loss of data
E:\Users\megal\source\repos\PeggleScripting\Peggle.cpp(842,9): warning C4244:         with
E:\Users\megal\source\repos\PeggleScripting\Peggle.cpp(842,9): warning C4244:         [
E:\Users\megal\source\repos\PeggleScripting\Peggle.cpp(842,9): warning C4244:             T=int64_t
E:\Users\megal\source\repos\PeggleScripting\Peggle.cpp(842,9): warning C4244:         ]
  (compiling source file '/Peggle.cpp')
  
E:\Users\megal\source\repos\PeggleScripting\Peggle.cpp(848,9): warning C4244: 'initializing': conversion from 'T' to 'ULONG_PTR', possible loss of data
E:\Users\megal\source\repos\PeggleScripting\Peggle.cpp(848,9): warning C4244:         with
E:\Users\megal\source\repos\PeggleScripting\Peggle.cpp(848,9): warning C4244:         [
E:\Users\megal\source\repos\PeggleScripting\Peggle.cpp(848,9): warning C4244:             T=int64_t
E:\Users\megal\source\repos\PeggleScripting\Peggle.cpp(848,9): warning C4244:         ]
  (compiling source file '/Peggle.cpp')
  
E:\Users\megal\source\repos\PeggleScripting\Peggle.cpp(848,9): warning C4244: '=': conversion from 'T' to 'DWORD', possible loss of data
E:\Users\megal\source\repos\PeggleScripting\Peggle.cpp(848,9): warning C4244:         with
E:\Users\megal\source\repos\PeggleScripting\Peggle.cpp(848,9): warning C4244:         [
E:\Users\megal\source\repos\PeggleScripting\Peggle.cpp(848,9): warning C4244:             T=int64_t
E:\Users\megal\source\repos\PeggleScripting\Peggle.cpp(848,9): warning C4244:         ]
  (compiling source file '/Peggle.cpp')
  
E:\Users\megal\source\repos\PeggleScripting\Peggle.cpp(850,9): warning C4244: 'initializing': conversion from 'T' to 'ULONG_PTR', possible loss of data
E:\Users\megal\source\repos\PeggleScripting\Peggle.cpp(850,9): warning C4244:         with
E:\Users\megal\source\repos\PeggleScripting\Peggle.cpp(850,9): warning C4244:         [
E:\Users\megal\source\repos\PeggleScripting\Peggle.cpp(850,9): warning C4244:             T=int64_t
E:\Users\megal\source\repos\PeggleScripting\Peggle.cpp(850,9): warning C4244:         ]
  (compiling source file '/Peggle.cpp')
  
E:\Users\megal\source\repos\PeggleScripting\Peggle.cpp(850,9): warning C4244: '=': conversion from 'T' to 'DWORD', possible loss of data
E:\Users\megal\source\repos\PeggleScripting\Peggle.cpp(850,9): warning C4244:         with
E:\Users\megal\source\repos\PeggleScripting\Peggle.cpp(850,9): warning C4244:         [
E:\Users\megal\source\repos\PeggleScripting\Peggle.cpp(850,9): warning C4244:             T=int64_t
E:\Users\megal\source\repos\PeggleScripting\Peggle.cpp(850,9): warning C4244:         ]
  (compiling source file '/Peggle.cpp')
  
E:\Users\megal\source\repos\PeggleScripting\Peggle.cpp(851,9): warning C4244: 'initializing': conversion from 'T' to 'ULONG_PTR', possible loss of data
E:\Users\megal\source\repos\PeggleScripting\Peggle.cpp(851,9): warning C4244:         with
E:\Users\megal\source\repos\PeggleScripting\Peggle.cpp(851,9): warning C4244:         [
E:\Users\megal\source\repos\PeggleScripting\Peggle.cpp(851,9): warning C4244:             T=int64_t
E:\Users\megal\source\repos\PeggleScripting\Peggle.cpp(851,9): warning C4244:         ]
  (compiling source file '/Peggle.cpp')
  
E:\Users\megal\source\repos\PeggleScripting\Peggle.cpp(851,9): warning C4244: '=': conversion from 'T' to 'DWORD', possible loss of data
E:\Users\megal\source\repos\PeggleScripting\Peggle.cpp(851,9): warning C4244:         with
E:\Users\megal\source\repos\PeggleScripting\Peggle.cpp(851,9): warning C4244:         [
E:\Users\megal\source\repos\PeggleScripting\Peggle.cpp(851,9): warning C4244:             T=int64_t
E:\Users\megal\source\repos\PeggleScripting\Peggle.cpp(851,9): warning C4244:         ]
  (compiling source file '/Peggle.cpp')
  
E:\Users\megal\source\repos\PeggleScripting\Peggle.cpp(852,9): warning C4244: 'initializing': conversion from 'T' to 'ULONG_PTR', possible loss of data
E:\Users\megal\source\repos\PeggleScripting\Peggle.cpp(852,9): warning C4244:         with
E:\Users\megal\source\repos\PeggleScripting\Peggle.cpp(852,9): warning C4244:         [
E:\Users\megal\source\repos\PeggleScripting\Peggle.cpp(852,9): warning C4244:             T=int64_t
E:\Users\megal\source\repos\PeggleScripting\Peggle.cpp(852,9): warning C4244:         ]
  (compiling source file '/Peggle.cpp')
  
E:\Users\megal\source\repos\PeggleScripting\Peggle.cpp(852,9): warning C4244: '=': conversion from 'T' to 'DWORD', possible loss of data
E:\Users\megal\source\repos\PeggleScripting\Peggle.cpp(852,9): warning C4244:         with
E:\Users\megal\source\repos\PeggleScripting\Peggle.cpp(852,9): warning C4244:         [
E:\Users\megal\source\repos\PeggleScripting\Peggle.cpp(852,9): warning C4244:             T=int64_t
E:\Users\megal\source\repos\PeggleScripting\Peggle.cpp(852,9): warning C4244:         ]
  (compiling source file '/Peggle.cpp')
  
E:\Users\megal\source\repos\PeggleScripting\Peggle.cpp(853,9): warning C4244: 'initializing': conversion from 'T' to 'ULONG_PTR', possible loss of data
E:\Users\megal\source\repos\PeggleScripting\Peggle.cpp(853,9): warning C4244:         with
E:\Users\megal\source\repos\PeggleScripting\Peggle.cpp(853,9): warning C4244:         [
E:\Users\megal\source\repos\PeggleScripting\Peggle.cpp(853,9): warning C4244:             T=int64_t
E:\Users\megal\source\repos\PeggleScripting\Peggle.cpp(853,9): warning C4244:         ]
  (compiling source file '/Peggle.cpp')
  
E:\Users\megal\source\repos\PeggleScripting\Peggle.cpp(853,9): warning C4244: '=': conversion from 'T' to 'DWORD', possible loss of data
E:\Users\megal\source\repos\PeggleScripting\Peggle.cpp(853,9): warning C4244:         with
E:\Users\megal\source\repos\PeggleScripting\Peggle.cpp(853,9): warning C4244:         [
E:\Users\megal\source\repos\PeggleScripting\Peggle.cpp(853,9): warning C4244:             T=int64_t
E:\Users\megal\source\repos\PeggleScripting\Peggle.cpp(853,9): warning C4244:         ]
  (compiling source file '/Peggle.cpp')
  
E:\Users\megal\source\repos\PeggleScripting\Peggle.cpp(867,36): warning C4244: '=': conversion from 'T' to 'ULONG_PTR', possible loss of data
E:\Users\megal\source\repos\PeggleScripting\Peggle.cpp(867,36): warning C4244:         with
E:\Users\megal\source\repos\PeggleScripting\Peggle.cpp(867,36): warning C4244:         [
E:\Users\megal\source\repos\PeggleScripting\Peggle.cpp(867,36): warning C4244:             T=int64_t
E:\Users\megal\source\repos\PeggleScripting\Peggle.cpp(867,36): warning C4244:         ]
  (compiling source file '/Peggle.cpp')
  
E:\Users\megal\source\repos\PeggleScripting\Peggle.cpp(870,36): warning C4244: '=': conversion from 'T' to 'ULONG_PTR', possible loss of data
E:\Users\megal\source\repos\PeggleScripting\Peggle.cpp(870,36): warning C4244:         with
E:\Users\megal\source\repos\PeggleScripting\Peggle.cpp(870,36): warning C4244:         [
E:\Users\megal\source\repos\PeggleScripting\Peggle.cpp(870,36): warning C4244:             T=int64_t
E:\Users\megal\source\repos\PeggleScripting\Peggle.cpp(870,36): warning C4244:         ]
  (compiling source file '/Peggle.cpp')
  
E:\Users\megal\source\repos\PeggleScripting\Peggle.cpp(874,9): warning C4244: 'initializing': conversion from 'T' to 'ULONG_PTR', possible loss of data
E:\Users\megal\source\repos\PeggleScripting\Peggle.cpp(874,9): warning C4244:         with
E:\Users\megal\source\repos\PeggleScripting\Peggle.cpp(874,9): warning C4244:         [
E:\Users\megal\source\repos\PeggleScripting\Peggle.cpp(874,9): warning C4244:             T=int64_t
E:\Users\megal\source\repos\PeggleScripting\Peggle.cpp(874,9): warning C4244:         ]
  (compiling source file '/Peggle.cpp')
  
E:\Users\megal\source\repos\PeggleScripting\Peggle.cpp(874,9): warning C4244: '=': conversion from 'double' to 'float', possible loss of data
  (compiling source file '/Peggle.cpp')
  
E:\Users\megal\source\repos\PeggleScripting\Peggle.cpp(875,9): warning C4244: 'initializing': conversion from 'T' to 'ULONG_PTR', possible loss of data
E:\Users\megal\source\repos\PeggleScripting\Peggle.cpp(875,9): warning C4244:         with
E:\Users\megal\source\repos\PeggleScripting\Peggle.cpp(875,9): warning C4244:         [
E:\Users\megal\source\repos\PeggleScripting\Peggle.cpp(875,9): warning C4244:             T=int64_t
E:\Users\megal\source\repos\PeggleScripting\Peggle.cpp(875,9): warning C4244:         ]
  (compiling source file '/Peggle.cpp')
  
E:\Users\megal\source\repos\PeggleScripting\Peggle.cpp(875,9): warning C4244: '=': conversion from 'double' to 'float', possible loss of data
  (compiling source file '/Peggle.cpp')
  
E:\Users\megal\source\repos\PeggleScripting\Peggle.cpp(876,9): warning C4244: 'initializing': conversion from 'T' to 'ULONG_PTR', possible loss of data
E:\Users\megal\source\repos\PeggleScripting\Peggle.cpp(876,9): warning C4244:         with
E:\Users\megal\source\repos\PeggleScripting\Peggle.cpp(876,9): warning C4244:         [
E:\Users\megal\source\repos\PeggleScripting\Peggle.cpp(876,9): warning C4244:             T=int64_t
E:\Users\megal\source\repos\PeggleScripting\Peggle.cpp(876,9): warning C4244:         ]
  (compiling source file '/Peggle.cpp')
  
E:\Users\megal\source\repos\PeggleScripting\Peggle.cpp(876,9): warning C4244: '=': conversion from 'double' to 'float', possible loss of data
  (compiling source file '/Peggle.cpp')
  
E:\Users\megal\source\repos\PeggleScripting\Peggle.cpp(877,9): warning C4244: 'initializing': conversion from 'T' to 'ULONG_PTR', possible loss of data
E:\Users\megal\source\repos\PeggleScripting\Peggle.cpp(877,9): warning C4244:         with
E:\Users\megal\source\repos\PeggleScripting\Peggle.cpp(877,9): warning C4244:         [
E:\Users\megal\source\repos\PeggleScripting\Peggle.cpp(877,9): warning C4244:             T=int64_t
E:\Users\megal\source\repos\PeggleScripting\Peggle.cpp(877,9): warning C4244:         ]
  (compiling source file '/Peggle.cpp')
  
E:\Users\megal\source\repos\PeggleScripting\Peggle.cpp(877,9): warning C4244: '=': conversion from 'double' to 'float', possible loss of data
  (compiling source file '/Peggle.cpp')
  
E:\Users\megal\source\repos\PeggleScripting\Peggle.cpp(879,9): warning C4244: 'initializing': conversion from 'T' to 'ULONG_PTR', possible loss of data
E:\Users\megal\source\repos\PeggleScripting\Peggle.cpp(879,9): warning C4244:         with
E:\Users\megal\source\repos\PeggleScripting\Peggle.cpp(879,9): warning C4244:         [
E:\Users\megal\source\repos\PeggleScripting\Peggle.cpp(879,9): warning C4244:             T=int64_t
E:\Users\megal\source\repos\PeggleScripting\Peggle.cpp(879,9): warning C4244:         ]
  (compiling source file '/Peggle.cpp')
  
E:\Users\megal\source\repos\PeggleScripting\Peggle.cpp(879,9): warning C4244: '=': conversion from 'double' to 'float', possible loss of data
  (compiling source file '/Peggle.cpp')
  
E:\Users\megal\source\repos\PeggleScripting\Peggle.cpp(880,9): warning C4244: 'initializing': conversion from 'T' to 'ULONG_PTR', possible loss of data
E:\Users\megal\source\repos\PeggleScripting\Peggle.cpp(880,9): warning C4244:         with
E:\Users\megal\source\repos\PeggleScripting\Peggle.cpp(880,9): warning C4244:         [
E:\Users\megal\source\repos\PeggleScripting\Peggle.cpp(880,9): warning C4244:             T=int64_t
E:\Users\megal\source\repos\PeggleScripting\Peggle.cpp(880,9): warning C4244:         ]
  (compiling source file '/Peggle.cpp')
  
E:\Users\megal\source\repos\PeggleScripting\Peggle.cpp(880,9): warning C4244: '=': conversion from 'double' to 'float', possible loss of data
  (compiling source file '/Peggle.cpp')
  
E:\Users\megal\source\repos\PeggleScripting\Peggle.cpp(881,9): warning C4244: 'initializing': conversion from 'T' to 'ULONG_PTR', possible loss of data
E:\Users\megal\source\repos\PeggleScripting\Peggle.cpp(881,9): warning C4244:         with
E:\Users\megal\source\repos\PeggleScripting\Peggle.cpp(881,9): warning C4244:         [
E:\Users\megal\source\repos\PeggleScripting\Peggle.cpp(881,9): warning C4244:             T=int64_t
E:\Users\megal\source\repos\PeggleScripting\Peggle.cpp(881,9): warning C4244:         ]
  (compiling source file '/Peggle.cpp')
  
E:\Users\megal\source\repos\PeggleScripting\Peggle.cpp(881,9): warning C4244: '=': conversion from 'double' to 'float', possible loss of data
  (compiling source file '/Peggle.cpp')
  
E:\Users\megal\source\repos\PeggleScripting\Peggle.cpp(882,9): warning C4244: 'initializing': conversion from 'T' to 'ULONG_PTR', possible loss of data
E:\Users\megal\source\repos\PeggleScripting\Peggle.cpp(882,9): warning C4244:         with
E:\Users\megal\source\repos\PeggleScripting\Peggle.cpp(882,9): warning C4244:         [
E:\Users\megal\source\repos\PeggleScripting\Peggle.cpp(882,9): warning C4244:             T=int64_t
E:\Users\megal\source\repos\PeggleScripting\Peggle.cpp(882,9): warning C4244:         ]
  (compiling source file '/Peggle.cpp')
  
E:\Users\megal\source\repos\PeggleScripting\Peggle.cpp(882,9): warning C4244: '=': conversion from 'double' to 'float', possible loss of data
  (compiling source file '/Peggle.cpp')
  
E:\Users\megal\source\repos\PeggleScripting\Peggle.cpp(883,9): warning C4244: 'initializing': conversion from 'T' to 'ULONG_PTR', possible loss of data
E:\Users\megal\source\repos\PeggleScripting\Peggle.cpp(883,9): warning C4244:         with
E:\Users\megal\source\repos\PeggleScripting\Peggle.cpp(883,9): warning C4244:         [
E:\Users\megal\source\repos\PeggleScripting\Peggle.cpp(883,9): warning C4244:             T=int64_t
E:\Users\megal\source\repos\PeggleScripting\Peggle.cpp(883,9): warning C4244:         ]
  (compiling source file '/Peggle.cpp')
  
E:\Users\megal\source\repos\PeggleScripting\Peggle.cpp(883,9): warning C4244: '=': conversion from 'double' to 'float', possible loss of data
  (compiling source file '/Peggle.cpp')
  
E:\Users\megal\source\repos\PeggleScripting\Peggle.cpp(887,28): warning C4244: 'initializing': conversion from 'T' to 'ULONG_PTR', possible loss of data
E:\Users\megal\source\repos\PeggleScripting\Peggle.cpp(887,28): warning C4244:         with
E:\Users\megal\source\repos\PeggleScripting\Peggle.cpp(887,28): warning C4244:         [
E:\Users\megal\source\repos\PeggleScripting\Peggle.cpp(887,28): warning C4244:             T=int64_t
E:\Users\megal\source\repos\PeggleScripting\Peggle.cpp(887,28): warning C4244:         ]
  (compiling source file '/Peggle.cpp')
  
E:\Users\megal\source\repos\PeggleScripting\Peggle.cpp(902,28): warning C4244: 'initializing': conversion from 'T' to 'ULONG_PTR', possible loss of data
E:\Users\megal\source\repos\PeggleScripting\Peggle.cpp(902,28): warning C4244:         with
E:\Users\megal\source\repos\PeggleScripting\Peggle.cpp(902,28): warning C4244:         [
E:\Users\megal\source\repos\PeggleScripting\Peggle.cpp(902,28): warning C4244:             T=int64_t
E:\Users\megal\source\repos\PeggleScripting\Peggle.cpp(902,28): warning C4244:         ]
  (compiling source file '/Peggle.cpp')
  
E:\Users\megal\source\repos\PeggleScripting\Peggle.cpp(916,9): warning C4244: 'initializing': conversion from 'T' to 'ULONG_PTR', possible loss of data
E:\Users\megal\source\repos\PeggleScripting\Peggle.cpp(916,9): warning C4244:         with
E:\Users\megal\source\repos\PeggleScripting\Peggle.cpp(916,9): warning C4244:         [
E:\Users\megal\source\repos\PeggleScripting\Peggle.cpp(916,9): warning C4244:             T=int64_t
E:\Users\megal\source\repos\PeggleScripting\Peggle.cpp(916,9): warning C4244:         ]
  (compiling source file '/Peggle.cpp')
  
E:\Users\megal\source\repos\PeggleScripting\Peggle.cpp(916,9): warning C4244: '=': conversion from 'T' to 'DWORD', possible loss of data
E:\Users\megal\source\repos\PeggleScripting\Peggle.cpp(916,9): warning C4244:         with
E:\Users\megal\source\repos\PeggleScripting\Peggle.cpp(916,9): warning C4244:         [
E:\Users\megal\source\repos\PeggleScripting\Peggle.cpp(916,9): warning C4244:             T=int64_t
E:\Users\megal\source\repos\PeggleScripting\Peggle.cpp(916,9): warning C4244:         ]
  (compiling source file '/Peggle.cpp')
  
E:\Users\megal\source\repos\PeggleScripting\Peggle.cpp(917,9): warning C4244: 'initializing': conversion from 'T' to 'ULONG_PTR', possible loss of data
E:\Users\megal\source\repos\PeggleScripting\Peggle.cpp(917,9): warning C4244:         with
E:\Users\megal\source\repos\PeggleScripting\Peggle.cpp(917,9): warning C4244:         [
E:\Users\megal\source\repos\PeggleScripting\Peggle.cpp(917,9): warning C4244:             T=int64_t
E:\Users\megal\source\repos\PeggleScripting\Peggle.cpp(917,9): warning C4244:         ]
  (compiling source file '/Peggle.cpp')
  
E:\Users\megal\source\repos\PeggleScripting\Peggle.cpp(917,9): warning C4244: '=': conversion from 'T' to 'int', possible loss of data
E:\Users\megal\source\repos\PeggleScripting\Peggle.cpp(917,9): warning C4244:         with
E:\Users\megal\source\repos\PeggleScripting\Peggle.cpp(917,9): warning C4244:         [
E:\Users\megal\source\repos\PeggleScripting\Peggle.cpp(917,9): warning C4244:             T=int64_t
E:\Users\megal\source\repos\PeggleScripting\Peggle.cpp(917,9): warning C4244:         ]
  (compiling source file '/Peggle.cpp')
  
E:\Users\megal\source\repos\PeggleScripting\Peggle.cpp(918,9): warning C4244: 'initializing': conversion from 'T' to 'ULONG_PTR', possible loss of data
E:\Users\megal\source\repos\PeggleScripting\Peggle.cpp(918,9): warning C4244:         with
E:\Users\megal\source\repos\PeggleScripting\Peggle.cpp(918,9): warning C4244:         [
E:\Users\megal\source\repos\PeggleScripting\Peggle.cpp(918,9): warning C4244:             T=int64_t
E:\Users\megal\source\repos\PeggleScripting\Peggle.cpp(918,9): warning C4244:         ]
  (compiling source file '/Peggle.cpp')
  
E:\Users\megal\source\repos\PeggleScripting\Peggle.cpp(918,9): warning C4244: '=': conversion from 'T' to 'int', possible loss of data
E:\Users\megal\source\repos\PeggleScripting\Peggle.cpp(918,9): warning C4244:         with
E:\Users\megal\source\repos\PeggleScripting\Peggle.cpp(918,9): warning C4244:         [
E:\Users\megal\source\repos\PeggleScripting\Peggle.cpp(918,9): warning C4244:             T=int64_t
E:\Users\megal\source\repos\PeggleScripting\Peggle.cpp(918,9): warning C4244:         ]
  (compiling source file '/Peggle.cpp')
  
E:\Users\megal\source\repos\PeggleScripting\Peggle.cpp(920,9): warning C4244: 'initializing': conversion from 'T' to 'ULONG_PTR', possible loss of data
E:\Users\megal\source\repos\PeggleScripting\Peggle.cpp(920,9): warning C4244:         with
E:\Users\megal\source\repos\PeggleScripting\Peggle.cpp(920,9): warning C4244:         [
E:\Users\megal\source\repos\PeggleScripting\Peggle.cpp(920,9): warning C4244:             T=int64_t
E:\Users\megal\source\repos\PeggleScripting\Peggle.cpp(920,9): warning C4244:         ]
  (compiling source file '/Peggle.cpp')
  
E:\Users\megal\source\repos\PeggleScripting\Peggle.cpp(920,9): warning C4244: '=': conversion from 'T' to 'int', possible loss of data
E:\Users\megal\source\repos\PeggleScripting\Peggle.cpp(920,9): warning C4244:         with
E:\Users\megal\source\repos\PeggleScripting\Peggle.cpp(920,9): warning C4244:         [
E:\Users\megal\source\repos\PeggleScripting\Peggle.cpp(920,9): warning C4244:             T=int64_t
E:\Users\megal\source\repos\PeggleScripting\Peggle.cpp(920,9): warning C4244:         ]
  (compiling source file '/Peggle.cpp')
  
E:\Users\megal\source\repos\PeggleScripting\Peggle.cpp(921,9): warning C4244: 'initializing': conversion from 'T' to 'ULONG_PTR', possible loss of data
E:\Users\megal\source\repos\PeggleScripting\Peggle.cpp(921,9): warning C4244:         with
E:\Users\megal\source\repos\PeggleScripting\Peggle.cpp(921,9): warning C4244:         [
E:\Users\megal\source\repos\PeggleScripting\Peggle.cpp(921,9): warning C4244:             T=int64_t
E:\Users\megal\source\repos\PeggleScripting\Peggle.cpp(921,9): warning C4244:         ]
  (compiling source file '/Peggle.cpp')
  
E:\Users\megal\source\repos\PeggleScripting\Peggle.cpp(921,9): warning C4244: '=': conversion from 'T' to 'DWORD', possible loss of data
E:\Users\megal\source\repos\PeggleScripting\Peggle.cpp(921,9): warning C4244:         with
E:\Users\megal\source\repos\PeggleScripting\Peggle.cpp(921,9): warning C4244:         [
E:\Users\megal\source\repos\PeggleScripting\Peggle.cpp(921,9): warning C4244:             T=int64_t
E:\Users\megal\source\repos\PeggleScripting\Peggle.cpp(921,9): warning C4244:         ]
  (compiling source file '/Peggle.cpp')
  
E:\Users\megal\source\repos\PeggleScripting\Peggle.cpp(922,9): warning C4244: 'initializing': conversion from 'T' to 'ULONG_PTR', possible loss of data
E:\Users\megal\source\repos\PeggleScripting\Peggle.cpp(922,9): warning C4244:         with
E:\Users\megal\source\repos\PeggleScripting\Peggle.cpp(922,9): warning C4244:         [
E:\Users\megal\source\repos\PeggleScripting\Peggle.cpp(922,9): warning C4244:             T=int64_t
E:\Users\megal\source\repos\PeggleScripting\Peggle.cpp(922,9): warning C4244:         ]
  (compiling source file '/Peggle.cpp')
  
E:\Users\megal\source\repos\PeggleScripting\Peggle.cpp(922,9): warning C4244: '=': conversion from 'double' to 'float', possible loss of data
  (compiling source file '/Peggle.cpp')
  
E:\Users\megal\source\repos\PeggleScripting\Peggle.cpp(923,9): warning C4244: 'initializing': conversion from 'T' to 'ULONG_PTR', possible loss of data
E:\Users\megal\source\repos\PeggleScripting\Peggle.cpp(923,9): warning C4244:         with
E:\Users\megal\source\repos\PeggleScripting\Peggle.cpp(923,9): warning C4244:         [
E:\Users\megal\source\repos\PeggleScripting\Peggle.cpp(923,9): warning C4244:             T=int64_t
E:\Users\megal\source\repos\PeggleScripting\Peggle.cpp(923,9): warning C4244:         ]
  (compiling source file '/Peggle.cpp')
  
E:\Users\megal\source\repos\PeggleScripting\Peggle.cpp(923,9): warning C4244: '=': conversion from 'double' to 'float', possible loss of data
  (compiling source file '/Peggle.cpp')
  
E:\Users\megal\source\repos\PeggleScripting\Peggle.cpp(924,9): warning C4244: 'initializing': conversion from 'T' to 'ULONG_PTR', possible loss of data
E:\Users\megal\source\repos\PeggleScripting\Peggle.cpp(924,9): warning C4244:         with
E:\Users\megal\source\repos\PeggleScripting\Peggle.cpp(924,9): warning C4244:         [
E:\Users\megal\source\repos\PeggleScripting\Peggle.cpp(924,9): warning C4244:             T=int64_t
E:\Users\megal\source\repos\PeggleScripting\Peggle.cpp(924,9): warning C4244:         ]
  (compiling source file '/Peggle.cpp')
  
E:\Users\megal\source\repos\PeggleScripting\Peggle.cpp(924,9): warning C4244: '=': conversion from 'double' to 'float', possible loss of data
  (compiling source file '/Peggle.cpp')
  
E:\Users\megal\source\repos\PeggleScripting\Peggle.cpp(925,9): warning C4244: 'initializing': conversion from 'T' to 'ULONG_PTR', possible loss of data
E:\Users\megal\source\repos\PeggleScripting\Peggle.cpp(925,9): warning C4244:         with
E:\Users\megal\source\repos\PeggleScripting\Peggle.cpp(925,9): warning C4244:         [
E:\Users\megal\source\repos\PeggleScripting\Peggle.cpp(925,9): warning C4244:             T=int64_t
E:\Users\megal\source\repos\PeggleScripting\Peggle.cpp(925,9): warning C4244:         ]
  (compiling source file '/Peggle.cpp')
  
E:\Users\megal\source\repos\PeggleScripting\Peggle.cpp(925,9): warning C4244: '=': conversion from 'double' to 'float', possible loss of data
  (compiling source file '/Peggle.cpp')
  
E:\Users\megal\source\repos\PeggleScripting\Peggle.cpp(926,9): warning C4244: 'initializing': conversion from 'T' to 'ULONG_PTR', possible loss of data
E:\Users\megal\source\repos\PeggleScripting\Peggle.cpp(926,9): warning C4244:         with
E:\Users\megal\source\repos\PeggleScripting\Peggle.cpp(926,9): warning C4244:         [
E:\Users\megal\source\repos\PeggleScripting\Peggle.cpp(926,9): warning C4244:             T=int64_t
E:\Users\megal\source\repos\PeggleScripting\Peggle.cpp(926,9): warning C4244:         ]
  (compiling source file '/Peggle.cpp')
  
E:\Users\megal\source\repos\PeggleScripting\Peggle.cpp(926,9): warning C4244: '=': conversion from 'double' to 'float', possible loss of data
  (compiling source file '/Peggle.cpp')
  
E:\Users\megal\source\repos\PeggleScripting\Peggle.cpp(927,9): warning C4244: 'initializing': conversion from 'T' to 'ULONG_PTR', possible loss of data
E:\Users\megal\source\repos\PeggleScripting\Peggle.cpp(927,9): warning C4244:         with
E:\Users\megal\source\repos\PeggleScripting\Peggle.cpp(927,9): warning C4244:         [
E:\Users\megal\source\repos\PeggleScripting\Peggle.cpp(927,9): warning C4244:             T=int64_t
E:\Users\megal\source\repos\PeggleScripting\Peggle.cpp(927,9): warning C4244:         ]
  (compiling source file '/Peggle.cpp')
  
E:\Users\megal\source\repos\PeggleScripting\Peggle.cpp(927,9): warning C4244: '=': conversion from 'double' to 'float', possible loss of data
  (compiling source file '/Peggle.cpp')
  
E:\Users\megal\source\repos\PeggleScripting\Peggle.cpp(932,9): warning C4244: 'initializing': conversion from 'T' to 'ULONG_PTR', possible loss of data
E:\Users\megal\source\repos\PeggleScripting\Peggle.cpp(932,9): warning C4244:         with
E:\Users\megal\source\repos\PeggleScripting\Peggle.cpp(932,9): warning C4244:         [
E:\Users\megal\source\repos\PeggleScripting\Peggle.cpp(932,9): warning C4244:             T=int64_t
E:\Users\megal\source\repos\PeggleScripting\Peggle.cpp(932,9): warning C4244:         ]
  (compiling source file '/Peggle.cpp')
  
E:\Users\megal\source\repos\PeggleScripting\Peggle.cpp(932,9): warning C4244: '=': conversion from 'double' to 'float', possible loss of data
  (compiling source file '/Peggle.cpp')
  
E:\Users\megal\source\repos\PeggleScripting\Peggle.cpp(933,9): warning C4244: 'initializing': conversion from 'T' to 'ULONG_PTR', possible loss of data
E:\Users\megal\source\repos\PeggleScripting\Peggle.cpp(933,9): warning C4244:         with
E:\Users\megal\source\repos\PeggleScripting\Peggle.cpp(933,9): warning C4244:         [
E:\Users\megal\source\repos\PeggleScripting\Peggle.cpp(933,9): warning C4244:             T=int64_t
E:\Users\megal\source\repos\PeggleScripting\Peggle.cpp(933,9): warning C4244:         ]
  (compiling source file '/Peggle.cpp')
  
E:\Users\megal\source\repos\PeggleScripting\Peggle.cpp(933,9): warning C4244: '=': conversion from 'double' to 'float', possible loss of data
  (compiling source file '/Peggle.cpp')
  
E:\Users\megal\source\repos\PeggleScripting\Peggle.cpp(934,9): warning C4244: 'initializing': conversion from 'T' to 'ULONG_PTR', possible loss of data
E:\Users\megal\source\repos\PeggleScripting\Peggle.cpp(934,9): warning C4244:         with
E:\Users\megal\source\repos\PeggleScripting\Peggle.cpp(934,9): warning C4244:         [
E:\Users\megal\source\repos\PeggleScripting\Peggle.cpp(934,9): warning C4244:             T=int64_t
E:\Users\megal\source\repos\PeggleScripting\Peggle.cpp(934,9): warning C4244:         ]
  (compiling source file '/Peggle.cpp')
  
E:\Users\megal\source\repos\PeggleScripting\Peggle.cpp(934,9): warning C4244: '=': conversion from 'double' to 'float', possible loss of data
  (compiling source file '/Peggle.cpp')
  
E:\Users\megal\source\repos\PeggleScripting\Peggle.cpp(935,9): warning C4244: 'initializing': conversion from 'T' to 'ULONG_PTR', possible loss of data
E:\Users\megal\source\repos\PeggleScripting\Peggle.cpp(935,9): warning C4244:         with
E:\Users\megal\source\repos\PeggleScripting\Peggle.cpp(935,9): warning C4244:         [
E:\Users\megal\source\repos\PeggleScripting\Peggle.cpp(935,9): warning C4244:             T=int64_t
E:\Users\megal\source\repos\PeggleScripting\Peggle.cpp(935,9): warning C4244:         ]
  (compiling source file '/Peggle.cpp')
  
E:\Users\megal\source\repos\PeggleScripting\Peggle.cpp(935,9): warning C4244: '=': conversion from 'double' to 'float', possible loss of data
  (compiling source file '/Peggle.cpp')
  
E:\Users\megal\source\repos\PeggleScripting\Peggle.cpp(940,9): warning C4244: 'initializing': conversion from 'T' to 'ULONG_PTR', possible loss of data
E:\Users\megal\source\repos\PeggleScripting\Peggle.cpp(940,9): warning C4244:         with
E:\Users\megal\source\repos\PeggleScripting\Peggle.cpp(940,9): warning C4244:         [
E:\Users\megal\source\repos\PeggleScripting\Peggle.cpp(940,9): warning C4244:             T=int64_t
E:\Users\megal\source\repos\PeggleScripting\Peggle.cpp(940,9): warning C4244:         ]
  (compiling source file '/Peggle.cpp')
  
E:\Users\megal\source\repos\PeggleScripting\Peggle.cpp(940,9): warning C4244: '=': conversion from 'T' to 'DWORD', possible loss of data
E:\Users\megal\source\repos\PeggleScripting\Peggle.cpp(940,9): warning C4244:         with
E:\Users\megal\source\repos\PeggleScripting\Peggle.cpp(940,9): warning C4244:         [
E:\Users\megal\source\repos\PeggleScripting\Peggle.cpp(940,9): warning C4244:             T=int64_t
E:\Users\megal\source\repos\PeggleScripting\Peggle.cpp(940,9): warning C4244:         ]
  (compiling source file '/Peggle.cpp')
  
E:\Users\megal\source\repos\PeggleScripting\Peggle.cpp(941,9): warning C4244: 'initializing': conversion from 'T' to 'ULONG_PTR', possible loss of data
E:\Users\megal\source\repos\PeggleScripting\Peggle.cpp(941,9): warning C4244:         with
E:\Users\megal\source\repos\PeggleScripting\Peggle.cpp(941,9): warning C4244:         [
E:\Users\megal\source\repos\PeggleScripting\Peggle.cpp(941,9): warning C4244:             T=int64_t
E:\Users\megal\source\repos\PeggleScripting\Peggle.cpp(941,9): warning C4244:         ]
  (compiling source file '/Peggle.cpp')
  
E:\Users\megal\source\repos\PeggleScripting\Peggle.cpp(941,9): warning C4244: '=': conversion from 'T' to 'DWORD', possible loss of data
E:\Users\megal\source\repos\PeggleScripting\Peggle.cpp(941,9): warning C4244:         with
E:\Users\megal\source\repos\PeggleScripting\Peggle.cpp(941,9): warning C4244:         [
E:\Users\megal\source\repos\PeggleScripting\Peggle.cpp(941,9): warning C4244:             T=int64_t
E:\Users\megal\source\repos\PeggleScripting\Peggle.cpp(941,9): warning C4244:         ]
  (compiling source file '/Peggle.cpp')
  
E:\Users\megal\source\repos\PeggleScripting\Peggle.cpp(947,32): warning C4244: 'initializing': conversion from 'T' to 'ULONG_PTR', possible loss of data
E:\Users\megal\source\repos\PeggleScripting\Peggle.cpp(947,32): warning C4244:         with
E:\Users\megal\source\repos\PeggleScripting\Peggle.cpp(947,32): warning C4244:         [
E:\Users\megal\source\repos\PeggleScripting\Peggle.cpp(947,32): warning C4244:             T=int64_t
E:\Users\megal\source\repos\PeggleScripting\Peggle.cpp(947,32): warning C4244:         ]
  (compiling source file '/Peggle.cpp')
  
E:\Users\megal\source\repos\PeggleScripting\Peggle.cpp(959,32): warning C4244: 'initializing': conversion from 'T' to 'ULONG_PTR', possible loss of data
E:\Users\megal\source\repos\PeggleScripting\Peggle.cpp(959,32): warning C4244:         with
E:\Users\megal\source\repos\PeggleScripting\Peggle.cpp(959,32): warning C4244:         [
E:\Users\megal\source\repos\PeggleScripting\Peggle.cpp(959,32): warning C4244:             T=int64_t
E:\Users\megal\source\repos\PeggleScripting\Peggle.cpp(959,32): warning C4244:         ]
  (compiling source file '/Peggle.cpp')
  
E:\Users\megal\source\repos\PeggleScripting\Peggle.cpp(1122,40): warning C4244: '=': conversion from 'T' to 'volatile DWORD', possible loss of data
E:\Users\megal\source\repos\PeggleScripting\Peggle.cpp(1122,40): warning C4244:         with
E:\Users\megal\source\repos\PeggleScripting\Peggle.cpp(1122,40): warning C4244:         [
E:\Users\megal\source\repos\PeggleScripting\Peggle.cpp(1122,40): warning C4244:             T=int64_t
E:\Users\megal\source\repos\PeggleScripting\Peggle.cpp(1122,40): warning C4244:         ]
  (compiling source file '/Peggle.cpp')
  
E:\Users\megal\source\repos\PeggleScripting\Peggle.cpp(1154,40): warning C4244: '=': conversion from 'T' to 'volatile DWORD', possible loss of data
E:\Users\megal\source\repos\PeggleScripting\Peggle.cpp(1154,40): warning C4244:         with
E:\Users\megal\source\repos\PeggleScripting\Peggle.cpp(1154,40): warning C4244:         [
E:\Users\megal\source\repos\PeggleScripting\Peggle.cpp(1154,40): warning C4244:             T=int64_t
E:\Users\megal\source\repos\PeggleScripting\Peggle.cpp(1154,40): warning C4244:         ]
  (compiling source file '/Peggle.cpp')
  
E:\Users\megal\source\repos\PeggleScripting\Peggle.cpp(1180,40): warning C4244: '=': conversion from 'T' to 'volatile DWORD', possible loss of data
E:\Users\megal\source\repos\PeggleScripting\Peggle.cpp(1180,40): warning C4244:         with
E:\Users\megal\source\repos\PeggleScripting\Peggle.cpp(1180,40): warning C4244:         [
E:\Users\megal\source\repos\PeggleScripting\Peggle.cpp(1180,40): warning C4244:             T=int64_t
E:\Users\megal\source\repos\PeggleScripting\Peggle.cpp(1180,40): warning C4244:         ]
  (compiling source file '/Peggle.cpp')
  
E:\Users\megal\source\repos\PeggleScripting\Peggle.cpp(1265,5): warning C4244: 'initializing': conversion from 'T' to 'ULONG_PTR', possible loss of data
E:\Users\megal\source\repos\PeggleScripting\Peggle.cpp(1265,5): warning C4244:         with
E:\Users\megal\source\repos\PeggleScripting\Peggle.cpp(1265,5): warning C4244:         [
E:\Users\megal\source\repos\PeggleScripting\Peggle.cpp(1265,5): warning C4244:             T=int64_t
E:\Users\megal\source\repos\PeggleScripting\Peggle.cpp(1265,5): warning C4244:         ]
  (compiling source file '/Peggle.cpp')
  
E:\Users\megal\source\repos\PeggleScripting\Peggle.cpp(1265,5): warning C4244: '=': conversion from 'T' to 'DWORD', possible loss of data
E:\Users\megal\source\repos\PeggleScripting\Peggle.cpp(1265,5): warning C4244:         with
E:\Users\megal\source\repos\PeggleScripting\Peggle.cpp(1265,5): warning C4244:         [
E:\Users\megal\source\repos\PeggleScripting\Peggle.cpp(1265,5): warning C4244:             T=int64_t
E:\Users\megal\source\repos\PeggleScripting\Peggle.cpp(1265,5): warning C4244:         ]
  (compiling source file '/Peggle.cpp')
  
E:\Users\megal\source\repos\PeggleScripting\Peggle.cpp(1266,5): warning C4244: 'initializing': conversion from 'T' to 'ULONG_PTR', possible loss of data
E:\Users\megal\source\repos\PeggleScripting\Peggle.cpp(1266,5): warning C4244:         with
E:\Users\megal\source\repos\PeggleScripting\Peggle.cpp(1266,5): warning C4244:         [
E:\Users\megal\source\repos\PeggleScripting\Peggle.cpp(1266,5): warning C4244:             T=int64_t
E:\Users\megal\source\repos\PeggleScripting\Peggle.cpp(1266,5): warning C4244:         ]
  (compiling source file '/Peggle.cpp')
  
E:\Users\megal\source\repos\PeggleScripting\Peggle.cpp(1266,5): warning C4244: '=': conversion from 'T' to 'DWORD', possible loss of data
E:\Users\megal\source\repos\PeggleScripting\Peggle.cpp(1266,5): warning C4244:         with
E:\Users\megal\source\repos\PeggleScripting\Peggle.cpp(1266,5): warning C4244:         [
E:\Users\megal\source\repos\PeggleScripting\Peggle.cpp(1266,5): warning C4244:             T=int64_t
E:\Users\megal\source\repos\PeggleScripting\Peggle.cpp(1266,5): warning C4244:         ]
  (compiling source file '/Peggle.cpp')
  
E:\Users\megal\source\repos\PeggleScripting\Peggle.cpp(1267,5): warning C4244: 'initializing': conversion from 'T' to 'ULONG_PTR', possible loss of data
E:\Users\megal\source\repos\PeggleScripting\Peggle.cpp(1267,5): warning C4244:         with
E:\Users\megal\source\repos\PeggleScripting\Peggle.cpp(1267,5): warning C4244:         [
E:\Users\megal\source\repos\PeggleScripting\Peggle.cpp(1267,5): warning C4244:             T=int64_t
E:\Users\megal\source\repos\PeggleScripting\Peggle.cpp(1267,5): warning C4244:         ]
  (compiling source file '/Peggle.cpp')
  
E:\Users\megal\source\repos\PeggleScripting\Peggle.cpp(1267,5): warning C4244: '=': conversion from 'T' to 'DWORD', possible loss of data
E:\Users\megal\source\repos\PeggleScripting\Peggle.cpp(1267,5): warning C4244:         with
E:\Users\megal\source\repos\PeggleScripting\Peggle.cpp(1267,5): warning C4244:         [
E:\Users\megal\source\repos\PeggleScripting\Peggle.cpp(1267,5): warning C4244:             T=int64_t
E:\Users\megal\source\repos\PeggleScripting\Peggle.cpp(1267,5): warning C4244:         ]
  (compiling source file '/Peggle.cpp')
  
E:\Users\megal\source\repos\PeggleScripting\Peggle.cpp(1269,5): warning C4244: 'initializing': conversion from 'T' to 'ULONG_PTR', possible loss of data
E:\Users\megal\source\repos\PeggleScripting\Peggle.cpp(1269,5): warning C4244:         with
E:\Users\megal\source\repos\PeggleScripting\Peggle.cpp(1269,5): warning C4244:         [
E:\Users\megal\source\repos\PeggleScripting\Peggle.cpp(1269,5): warning C4244:             T=int64_t
E:\Users\megal\source\repos\PeggleScripting\Peggle.cpp(1269,5): warning C4244:         ]
  (compiling source file '/Peggle.cpp')
  
E:\Users\megal\source\repos\PeggleScripting\Peggle.cpp(1269,5): warning C4244: '=': conversion from 'T' to 'DWORD', possible loss of data
E:\Users\megal\source\repos\PeggleScripting\Peggle.cpp(1269,5): warning C4244:         with
E:\Users\megal\source\repos\PeggleScripting\Peggle.cpp(1269,5): warning C4244:         [
E:\Users\megal\source\repos\PeggleScripting\Peggle.cpp(1269,5): warning C4244:             T=int64_t
E:\Users\megal\source\repos\PeggleScripting\Peggle.cpp(1269,5): warning C4244:         ]
  (compiling source file '/Peggle.cpp')
  
E:\Users\megal\source\repos\PeggleScripting\Peggle.cpp(1270,5): warning C4244: 'initializing': conversion from 'T' to 'ULONG_PTR', possible loss of data
E:\Users\megal\source\repos\PeggleScripting\Peggle.cpp(1270,5): warning C4244:         with
E:\Users\megal\source\repos\PeggleScripting\Peggle.cpp(1270,5): warning C4244:         [
E:\Users\megal\source\repos\PeggleScripting\Peggle.cpp(1270,5): warning C4244:             T=int64_t
E:\Users\megal\source\repos\PeggleScripting\Peggle.cpp(1270,5): warning C4244:         ]
  (compiling source file '/Peggle.cpp')
  
E:\Users\megal\source\repos\PeggleScripting\Peggle.cpp(1270,5): warning C4244: '=': conversion from 'T' to 'DWORD', possible loss of data
E:\Users\megal\source\repos\PeggleScripting\Peggle.cpp(1270,5): warning C4244:         with
E:\Users\megal\source\repos\PeggleScripting\Peggle.cpp(1270,5): warning C4244:         [
E:\Users\megal\source\repos\PeggleScripting\Peggle.cpp(1270,5): warning C4244:             T=int64_t
E:\Users\megal\source\repos\PeggleScripting\Peggle.cpp(1270,5): warning C4244:         ]
  (compiling source file '/Peggle.cpp')
  
E:\Users\megal\source\repos\PeggleScripting\Peggle.cpp(1271,5): warning C4244: 'initializing': conversion from 'T' to 'ULONG_PTR', possible loss of data
E:\Users\megal\source\repos\PeggleScripting\Peggle.cpp(1271,5): warning C4244:         with
E:\Users\megal\source\repos\PeggleScripting\Peggle.cpp(1271,5): warning C4244:         [
E:\Users\megal\source\repos\PeggleScripting\Peggle.cpp(1271,5): warning C4244:             T=int64_t
E:\Users\megal\source\repos\PeggleScripting\Peggle.cpp(1271,5): warning C4244:         ]
  (compiling source file '/Peggle.cpp')
  
E:\Users\megal\source\repos\PeggleScripting\Peggle.cpp(1271,5): warning C4244: '=': conversion from 'double' to 'float', possible loss of data
  (compiling source file '/Peggle.cpp')
  
E:\Users\megal\source\repos\PeggleScripting\Peggle.cpp(1272,5): warning C4244: 'initializing': conversion from 'T' to 'ULONG_PTR', possible loss of data
E:\Users\megal\source\repos\PeggleScripting\Peggle.cpp(1272,5): warning C4244:         with
E:\Users\megal\source\repos\PeggleScripting\Peggle.cpp(1272,5): warning C4244:         [
E:\Users\megal\source\repos\PeggleScripting\Peggle.cpp(1272,5): warning C4244:             T=int64_t
E:\Users\megal\source\repos\PeggleScripting\Peggle.cpp(1272,5): warning C4244:         ]
  (compiling source file '/Peggle.cpp')
  
E:\Users\megal\source\repos\PeggleScripting\Peggle.cpp(1272,5): warning C4244: '=': conversion from 'T' to 'DWORD', possible loss of data
E:\Users\megal\source\repos\PeggleScripting\Peggle.cpp(1272,5): warning C4244:         with
E:\Users\megal\source\repos\PeggleScripting\Peggle.cpp(1272,5): warning C4244:         [
E:\Users\megal\source\repos\PeggleScripting\Peggle.cpp(1272,5): warning C4244:             T=int64_t
E:\Users\megal\source\repos\PeggleScripting\Peggle.cpp(1272,5): warning C4244:         ]
  (compiling source file '/Peggle.cpp')
  
E:\Users\megal\source\repos\PeggleScripting\Peggle.cpp(1273,5): warning C4244: 'initializing': conversion from 'T' to 'ULONG_PTR', possible loss of data
E:\Users\megal\source\repos\PeggleScripting\Peggle.cpp(1273,5): warning C4244:         with
E:\Users\megal\source\repos\PeggleScripting\Peggle.cpp(1273,5): warning C4244:         [
E:\Users\megal\source\repos\PeggleScripting\Peggle.cpp(1273,5): warning C4244:             T=int64_t
E:\Users\megal\source\repos\PeggleScripting\Peggle.cpp(1273,5): warning C4244:         ]
  (compiling source file '/Peggle.cpp')
  
E:\Users\megal\source\repos\PeggleScripting\Peggle.cpp(1273,5): warning C4244: '=': conversion from 'T' to 'BYTE', possible loss of data
E:\Users\megal\source\repos\PeggleScripting\Peggle.cpp(1273,5): warning C4244:         with
E:\Users\megal\source\repos\PeggleScripting\Peggle.cpp(1273,5): warning C4244:         [
E:\Users\megal\source\repos\PeggleScripting\Peggle.cpp(1273,5): warning C4244:             T=int64_t
E:\Users\megal\source\repos\PeggleScripting\Peggle.cpp(1273,5): warning C4244:         ]
  (compiling source file '/Peggle.cpp')
  
E:\Users\megal\source\repos\PeggleScripting\Peggle.cpp(1274,5): warning C4244: 'initializing': conversion from 'T' to 'ULONG_PTR', possible loss of data
E:\Users\megal\source\repos\PeggleScripting\Peggle.cpp(1274,5): warning C4244:         with
E:\Users\megal\source\repos\PeggleScripting\Peggle.cpp(1274,5): warning C4244:         [
E:\Users\megal\source\repos\PeggleScripting\Peggle.cpp(1274,5): warning C4244:             T=int64_t
E:\Users\megal\source\repos\PeggleScripting\Peggle.cpp(1274,5): warning C4244:         ]
  (compiling source file '/Peggle.cpp')
  
E:\Users\megal\source\repos\PeggleScripting\Peggle.cpp(1274,5): warning C4244: '=': conversion from 'T' to 'BYTE', possible loss of data
E:\Users\megal\source\repos\PeggleScripting\Peggle.cpp(1274,5): warning C4244:         with
E:\Users\megal\source\repos\PeggleScripting\Peggle.cpp(1274,5): warning C4244:         [
E:\Users\megal\source\repos\PeggleScripting\Peggle.cpp(1274,5): warning C4244:             T=int64_t
E:\Users\megal\source\repos\PeggleScripting\Peggle.cpp(1274,5): warning C4244:         ]
  (compiling source file '/Peggle.cpp')
  
E:\Users\megal\source\repos\PeggleScripting\Peggle.cpp(1275,5): warning C4244: 'initializing': conversion from 'T' to 'ULONG_PTR', possible loss of data
E:\Users\megal\source\repos\PeggleScripting\Peggle.cpp(1275,5): warning C4244:         with
E:\Users\megal\source\repos\PeggleScripting\Peggle.cpp(1275,5): warning C4244:         [
E:\Users\megal\source\repos\PeggleScripting\Peggle.cpp(1275,5): warning C4244:             T=int64_t
E:\Users\megal\source\repos\PeggleScripting\Peggle.cpp(1275,5): warning C4244:         ]
  (compiling source file '/Peggle.cpp')
  
E:\Users\megal\source\repos\PeggleScripting\Peggle.cpp(1275,5): warning C4244: '=': conversion from 'T' to 'DWORD', possible loss of data
E:\Users\megal\source\repos\PeggleScripting\Peggle.cpp(1275,5): warning C4244:         with
E:\Users\megal\source\repos\PeggleScripting\Peggle.cpp(1275,5): warning C4244:         [
E:\Users\megal\source\repos\PeggleScripting\Peggle.cpp(1275,5): warning C4244:             T=int64_t
E:\Users\megal\source\repos\PeggleScripting\Peggle.cpp(1275,5): warning C4244:         ]
  (compiling source file '/Peggle.cpp')
  
E:\Users\megal\source\repos\PeggleScripting\Peggle.cpp(1276,5): warning C4244: 'initializing': conversion from 'T' to 'ULONG_PTR', possible loss of data
E:\Users\megal\source\repos\PeggleScripting\Peggle.cpp(1276,5): warning C4244:         with
E:\Users\megal\source\repos\PeggleScripting\Peggle.cpp(1276,5): warning C4244:         [
E:\Users\megal\source\repos\PeggleScripting\Peggle.cpp(1276,5): warning C4244:             T=int64_t
E:\Users\megal\source\repos\PeggleScripting\Peggle.cpp(1276,5): warning C4244:         ]
  (compiling source file '/Peggle.cpp')
  
E:\Users\megal\source\repos\PeggleScripting\Peggle.cpp(1276,5): warning C4244: '=': conversion from 'T' to 'DWORD', possible loss of data
E:\Users\megal\source\repos\PeggleScripting\Peggle.cpp(1276,5): warning C4244:         with
E:\Users\megal\source\repos\PeggleScripting\Peggle.cpp(1276,5): warning C4244:         [
E:\Users\megal\source\repos\PeggleScripting\Peggle.cpp(1276,5): warning C4244:             T=int64_t
E:\Users\megal\source\repos\PeggleScripting\Peggle.cpp(1276,5): warning C4244:         ]
  (compiling source file '/Peggle.cpp')
  
E:\Users\megal\source\repos\PeggleScripting\Peggle.cpp(1277,5): warning C4244: 'initializing': conversion from 'T' to 'ULONG_PTR', possible loss of data
E:\Users\megal\source\repos\PeggleScripting\Peggle.cpp(1277,5): warning C4244:         with
E:\Users\megal\source\repos\PeggleScripting\Peggle.cpp(1277,5): warning C4244:         [
E:\Users\megal\source\repos\PeggleScripting\Peggle.cpp(1277,5): warning C4244:             T=int64_t
E:\Users\megal\source\repos\PeggleScripting\Peggle.cpp(1277,5): warning C4244:         ]
  (compiling source file '/Peggle.cpp')
  
E:\Users\megal\source\repos\PeggleScripting\Peggle.cpp(1277,5): warning C4244: '=': conversion from 'T' to 'DWORD', possible loss of data
E:\Users\megal\source\repos\PeggleScripting\Peggle.cpp(1277,5): warning C4244:         with
E:\Users\megal\source\repos\PeggleScripting\Peggle.cpp(1277,5): warning C4244:         [
E:\Users\megal\source\repos\PeggleScripting\Peggle.cpp(1277,5): warning C4244:             T=int64_t
E:\Users\megal\source\repos\PeggleScripting\Peggle.cpp(1277,5): warning C4244:         ]
  (compiling source file '/Peggle.cpp')
  
E:\Users\megal\source\repos\PeggleScripting\Peggle.cpp(1278,5): warning C4244: 'initializing': conversion from 'T' to 'ULONG_PTR', possible loss of data
E:\Users\megal\source\repos\PeggleScripting\Peggle.cpp(1278,5): warning C4244:         with
E:\Users\megal\source\repos\PeggleScripting\Peggle.cpp(1278,5): warning C4244:         [
E:\Users\megal\source\repos\PeggleScripting\Peggle.cpp(1278,5): warning C4244:             T=int64_t
E:\Users\megal\source\repos\PeggleScripting\Peggle.cpp(1278,5): warning C4244:         ]
  (compiling source file '/Peggle.cpp')
  
E:\Users\megal\source\repos\PeggleScripting\Peggle.cpp(1278,5): warning C4244: '=': conversion from 'T' to 'DWORD', possible loss of data
E:\Users\megal\source\repos\PeggleScripting\Peggle.cpp(1278,5): warning C4244:         with
E:\Users\megal\source\repos\PeggleScripting\Peggle.cpp(1278,5): warning C4244:         [
E:\Users\megal\source\repos\PeggleScripting\Peggle.cpp(1278,5): warning C4244:             T=int64_t
E:\Users\megal\source\repos\PeggleScripting\Peggle.cpp(1278,5): warning C4244:         ]
  (compiling source file '/Peggle.cpp')
  
E:\Users\megal\source\repos\PeggleScripting\Peggle.cpp(1279,5): warning C4244: 'initializing': conversion from 'T' to 'ULONG_PTR', possible loss of data
E:\Users\megal\source\repos\PeggleScripting\Peggle.cpp(1279,5): warning C4244:         with
E:\Users\megal\source\repos\PeggleScripting\Peggle.cpp(1279,5): warning C4244:         [
E:\Users\megal\source\repos\PeggleScripting\Peggle.cpp(1279,5): warning C4244:             T=int64_t
E:\Users\megal\source\repos\PeggleScripting\Peggle.cpp(1279,5): warning C4244:         ]
  (compiling source file '/Peggle.cpp')
  
E:\Users\megal\source\repos\PeggleScripting\Peggle.cpp(1279,5): warning C4244: '=': conversion from 'T' to 'DWORD', possible loss of data
E:\Users\megal\source\repos\PeggleScripting\Peggle.cpp(1279,5): warning C4244:         with
E:\Users\megal\source\repos\PeggleScripting\Peggle.cpp(1279,5): warning C4244:         [
E:\Users\megal\source\repos\PeggleScripting\Peggle.cpp(1279,5): warning C4244:             T=int64_t
E:\Users\megal\source\repos\PeggleScripting\Peggle.cpp(1279,5): warning C4244:         ]
  (compiling source file '/Peggle.cpp')
  
E:\Users\megal\source\repos\PeggleScripting\Peggle.cpp(1280,5): warning C4244: 'initializing': conversion from 'T' to 'ULONG_PTR', possible loss of data
E:\Users\megal\source\repos\PeggleScripting\Peggle.cpp(1280,5): warning C4244:         with
E:\Users\megal\source\repos\PeggleScripting\Peggle.cpp(1280,5): warning C4244:         [
E:\Users\megal\source\repos\PeggleScripting\Peggle.cpp(1280,5): warning C4244:             T=int64_t
E:\Users\megal\source\repos\PeggleScripting\Peggle.cpp(1280,5): warning C4244:         ]
  (compiling source file '/Peggle.cpp')
  
E:\Users\megal\source\repos\PeggleScripting\Peggle.cpp(1280,5): warning C4244: '=': conversion from 'T' to 'DWORD', possible loss of data
E:\Users\megal\source\repos\PeggleScripting\Peggle.cpp(1280,5): warning C4244:         with
E:\Users\megal\source\repos\PeggleScripting\Peggle.cpp(1280,5): warning C4244:         [
E:\Users\megal\source\repos\PeggleScripting\Peggle.cpp(1280,5): warning C4244:             T=int64_t
E:\Users\megal\source\repos\PeggleScripting\Peggle.cpp(1280,5): warning C4244:         ]
  (compiling source file '/Peggle.cpp')
  
E:\Users\megal\source\repos\PeggleScripting\Peggle.cpp(1281,5): warning C4244: 'initializing': conversion from 'T' to 'ULONG_PTR', possible loss of data
E:\Users\megal\source\repos\PeggleScripting\Peggle.cpp(1281,5): warning C4244:         with
E:\Users\megal\source\repos\PeggleScripting\Peggle.cpp(1281,5): warning C4244:         [
E:\Users\megal\source\repos\PeggleScripting\Peggle.cpp(1281,5): warning C4244:             T=int64_t
E:\Users\megal\source\repos\PeggleScripting\Peggle.cpp(1281,5): warning C4244:         ]
  (compiling source file '/Peggle.cpp')
  
E:\Users\megal\source\repos\PeggleScripting\Peggle.cpp(1281,5): warning C4244: '=': conversion from 'T' to 'DWORD', possible loss of data
E:\Users\megal\source\repos\PeggleScripting\Peggle.cpp(1281,5): warning C4244:         with
E:\Users\megal\source\repos\PeggleScripting\Peggle.cpp(1281,5): warning C4244:         [
E:\Users\megal\source\repos\PeggleScripting\Peggle.cpp(1281,5): warning C4244:             T=int64_t
E:\Users\megal\source\repos\PeggleScripting\Peggle.cpp(1281,5): warning C4244:         ]
  (compiling source file '/Peggle.cpp')
  
E:\Users\megal\source\repos\PeggleScripting\Peggle.cpp(1282,5): warning C4244: 'initializing': conversion from 'T' to 'ULONG_PTR', possible loss of data
E:\Users\megal\source\repos\PeggleScripting\Peggle.cpp(1282,5): warning C4244:         with
E:\Users\megal\source\repos\PeggleScripting\Peggle.cpp(1282,5): warning C4244:         [
E:\Users\megal\source\repos\PeggleScripting\Peggle.cpp(1282,5): warning C4244:             T=int64_t
E:\Users\megal\source\repos\PeggleScripting\Peggle.cpp(1282,5): warning C4244:         ]
  (compiling source file '/Peggle.cpp')
  
E:\Users\megal\source\repos\PeggleScripting\Peggle.cpp(1282,5): warning C4244: '=': conversion from 'T' to 'DWORD', possible loss of data
E:\Users\megal\source\repos\PeggleScripting\Peggle.cpp(1282,5): warning C4244:         with
E:\Users\megal\source\repos\PeggleScripting\Peggle.cpp(1282,5): warning C4244:         [
E:\Users\megal\source\repos\PeggleScripting\Peggle.cpp(1282,5): warning C4244:             T=int64_t
E:\Users\megal\source\repos\PeggleScripting\Peggle.cpp(1282,5): warning C4244:         ]
  (compiling source file '/Peggle.cpp')
  
E:\Users\megal\source\repos\PeggleScripting\Peggle.cpp(1287,24): warning C4244: 'initializing': conversion from 'T' to 'ULONG_PTR', possible loss of data
E:\Users\megal\source\repos\PeggleScripting\Peggle.cpp(1287,24): warning C4244:         with
E:\Users\megal\source\repos\PeggleScripting\Peggle.cpp(1287,24): warning C4244:         [
E:\Users\megal\source\repos\PeggleScripting\Peggle.cpp(1287,24): warning C4244:             T=int64_t
E:\Users\megal\source\repos\PeggleScripting\Peggle.cpp(1287,24): warning C4244:         ]
  (compiling source file '/Peggle.cpp')
  
E:\Users\megal\source\repos\PeggleScripting\Peggle.cpp(1294,24): warning C4244: 'initializing': conversion from 'T' to 'ULONG_PTR', possible loss of data
E:\Users\megal\source\repos\PeggleScripting\Peggle.cpp(1294,24): warning C4244:         with
E:\Users\megal\source\repos\PeggleScripting\Peggle.cpp(1294,24): warning C4244:         [
E:\Users\megal\source\repos\PeggleScripting\Peggle.cpp(1294,24): warning C4244:             T=int64_t
E:\Users\megal\source\repos\PeggleScripting\Peggle.cpp(1294,24): warning C4244:         ]
  (compiling source file '/Peggle.cpp')
  
E:\Users\megal\source\repos\PeggleScripting\Peggle.cpp(1297,29): warning C4244: '=': conversion from 'T' to 'ULONG_PTR', possible loss of data
E:\Users\megal\source\repos\PeggleScripting\Peggle.cpp(1297,29): warning C4244:         with
E:\Users\megal\source\repos\PeggleScripting\Peggle.cpp(1297,29): warning C4244:         [
E:\Users\megal\source\repos\PeggleScripting\Peggle.cpp(1297,29): warning C4244:             T=int64_t
E:\Users\megal\source\repos\PeggleScripting\Peggle.cpp(1297,29): warning C4244:         ]
  (compiling source file '/Peggle.cpp')
  
E:\Users\megal\source\repos\PeggleScripting\Peggle.cpp(1300,29): warning C4244: '=': conversion from 'T' to 'ULONG_PTR', possible loss of data
E:\Users\megal\source\repos\PeggleScripting\Peggle.cpp(1300,29): warning C4244:         with
E:\Users\megal\source\repos\PeggleScripting\Peggle.cpp(1300,29): warning C4244:         [
E:\Users\megal\source\repos\PeggleScripting\Peggle.cpp(1300,29): warning C4244:             T=int64_t
E:\Users\megal\source\repos\PeggleScripting\Peggle.cpp(1300,29): warning C4244:         ]
  (compiling source file '/Peggle.cpp')
  
E:\Users\megal\source\repos\PeggleScripting\Peggle.cpp(1303,5): warning C4244: 'initializing': conversion from 'T' to 'ULONG_PTR', possible loss of data
E:\Users\megal\source\repos\PeggleScripting\Peggle.cpp(1303,5): warning C4244:         with
E:\Users\megal\source\repos\PeggleScripting\Peggle.cpp(1303,5): warning C4244:         [
E:\Users\megal\source\repos\PeggleScripting\Peggle.cpp(1303,5): warning C4244:             T=int64_t
E:\Users\megal\source\repos\PeggleScripting\Peggle.cpp(1303,5): warning C4244:         ]
  (compiling source file '/Peggle.cpp')
  
E:\Users\megal\source\repos\PeggleScripting\Peggle.cpp(1303,5): warning C4244: '=': conversion from 'T' to 'DWORD', possible loss of data
E:\Users\megal\source\repos\PeggleScripting\Peggle.cpp(1303,5): warning C4244:         with
E:\Users\megal\source\repos\PeggleScripting\Peggle.cpp(1303,5): warning C4244:         [
E:\Users\megal\source\repos\PeggleScripting\Peggle.cpp(1303,5): warning C4244:             T=int64_t
E:\Users\megal\source\repos\PeggleScripting\Peggle.cpp(1303,5): warning C4244:         ]
  (compiling source file '/Peggle.cpp')
  
E:\Users\megal\source\repos\PeggleScripting\Peggle.cpp(1304,5): warning C4244: 'initializing': conversion from 'T' to 'ULONG_PTR', possible loss of data
E:\Users\megal\source\repos\PeggleScripting\Peggle.cpp(1304,5): warning C4244:         with
E:\Users\megal\source\repos\PeggleScripting\Peggle.cpp(1304,5): warning C4244:         [
E:\Users\megal\source\repos\PeggleScripting\Peggle.cpp(1304,5): warning C4244:             T=int64_t
E:\Users\megal\source\repos\PeggleScripting\Peggle.cpp(1304,5): warning C4244:         ]
  (compiling source file '/Peggle.cpp')
  
E:\Users\megal\source\repos\PeggleScripting\Peggle.cpp(1304,5): warning C4244: '=': conversion from 'T' to 'DWORD', possible loss of data
E:\Users\megal\source\repos\PeggleScripting\Peggle.cpp(1304,5): warning C4244:         with
E:\Users\megal\source\repos\PeggleScripting\Peggle.cpp(1304,5): warning C4244:         [
E:\Users\megal\source\repos\PeggleScripting\Peggle.cpp(1304,5): warning C4244:             T=int64_t
E:\Users\megal\source\repos\PeggleScripting\Peggle.cpp(1304,5): warning C4244:         ]
  (compiling source file '/Peggle.cpp')
  
E:\Users\megal\source\repos\PeggleScripting\Peggle.cpp(1306,5): warning C4244: 'initializing': conversion from 'T' to 'ULONG_PTR', possible loss of data
E:\Users\megal\source\repos\PeggleScripting\Peggle.cpp(1306,5): warning C4244:         with
E:\Users\megal\source\repos\PeggleScripting\Peggle.cpp(1306,5): warning C4244:         [
E:\Users\megal\source\repos\PeggleScripting\Peggle.cpp(1306,5): warning C4244:             T=int64_t
E:\Users\megal\source\repos\PeggleScripting\Peggle.cpp(1306,5): warning C4244:         ]
  (compiling source file '/Peggle.cpp')
  
E:\Users\megal\source\repos\PeggleScripting\Peggle.cpp(1306,5): warning C4244: '=': conversion from 'T' to 'DWORD', possible loss of data
E:\Users\megal\source\repos\PeggleScripting\Peggle.cpp(1306,5): warning C4244:         with
E:\Users\megal\source\repos\PeggleScripting\Peggle.cpp(1306,5): warning C4244:         [
E:\Users\megal\source\repos\PeggleScripting\Peggle.cpp(1306,5): warning C4244:             T=int64_t
E:\Users\megal\source\repos\PeggleScripting\Peggle.cpp(1306,5): warning C4244:         ]
  (compiling source file '/Peggle.cpp')
  
E:\Users\megal\source\repos\PeggleScripting\Peggle.cpp(1308,5): warning C4244: 'initializing': conversion from 'T' to 'ULONG_PTR', possible loss of data
E:\Users\megal\source\repos\PeggleScripting\Peggle.cpp(1308,5): warning C4244:         with
E:\Users\megal\source\repos\PeggleScripting\Peggle.cpp(1308,5): warning C4244:         [
E:\Users\megal\source\repos\PeggleScripting\Peggle.cpp(1308,5): warning C4244:             T=int64_t
E:\Users\megal\source\repos\PeggleScripting\Peggle.cpp(1308,5): warning C4244:         ]
  (compiling source file '/Peggle.cpp')
  
E:\Users\megal\source\repos\PeggleScripting\Peggle.cpp(1308,5): warning C4244: '=': conversion from 'T' to 'DWORD', possible loss of data
E:\Users\megal\source\repos\PeggleScripting\Peggle.cpp(1308,5): warning C4244:         with
E:\Users\megal\source\repos\PeggleScripting\Peggle.cpp(1308,5): warning C4244:         [
E:\Users\megal\source\repos\PeggleScripting\Peggle.cpp(1308,5): warning C4244:             T=int64_t
E:\Users\megal\source\repos\PeggleScripting\Peggle.cpp(1308,5): warning C4244:         ]
  (compiling source file '/Peggle.cpp')
  
E:\Users\megal\source\repos\PeggleScripting\Peggle.cpp(1310,5): warning C4244: 'initializing': conversion from 'T' to 'ULONG_PTR', possible loss of data
E:\Users\megal\source\repos\PeggleScripting\Peggle.cpp(1310,5): warning C4244:         with
E:\Users\megal\source\repos\PeggleScripting\Peggle.cpp(1310,5): warning C4244:         [
E:\Users\megal\source\repos\PeggleScripting\Peggle.cpp(1310,5): warning C4244:             T=int64_t
E:\Users\megal\source\repos\PeggleScripting\Peggle.cpp(1310,5): warning C4244:         ]
  (compiling source file '/Peggle.cpp')
  
E:\Users\megal\source\repos\PeggleScripting\Peggle.cpp(1310,5): warning C4244: '=': conversion from 'T' to 'DWORD', possible loss of data
E:\Users\megal\source\repos\PeggleScripting\Peggle.cpp(1310,5): warning C4244:         with
E:\Users\megal\source\repos\PeggleScripting\Peggle.cpp(1310,5): warning C4244:         [
E:\Users\megal\source\repos\PeggleScripting\Peggle.cpp(1310,5): warning C4244:             T=int64_t
E:\Users\megal\source\repos\PeggleScripting\Peggle.cpp(1310,5): warning C4244:         ]
  (compiling source file '/Peggle.cpp')
  
E:\Users\megal\source\repos\PeggleScripting\Peggle.cpp(1314,5): warning C4244: 'initializing': conversion from 'T' to 'ULONG_PTR', possible loss of data
E:\Users\megal\source\repos\PeggleScripting\Peggle.cpp(1314,5): warning C4244:         with
E:\Users\megal\source\repos\PeggleScripting\Peggle.cpp(1314,5): warning C4244:         [
E:\Users\megal\source\repos\PeggleScripting\Peggle.cpp(1314,5): warning C4244:             T=int64_t
E:\Users\megal\source\repos\PeggleScripting\Peggle.cpp(1314,5): warning C4244:         ]
  (compiling source file '/Peggle.cpp')
  
E:\Users\megal\source\repos\PeggleScripting\Peggle.cpp(1314,5): warning C4244: '=': conversion from 'T' to 'DWORD', possible loss of data
E:\Users\megal\source\repos\PeggleScripting\Peggle.cpp(1314,5): warning C4244:         with
E:\Users\megal\source\repos\PeggleScripting\Peggle.cpp(1314,5): warning C4244:         [
E:\Users\megal\source\repos\PeggleScripting\Peggle.cpp(1314,5): warning C4244:             T=int64_t
E:\Users\megal\source\repos\PeggleScripting\Peggle.cpp(1314,5): warning C4244:         ]
  (compiling source file '/Peggle.cpp')
  
E:\Users\megal\source\repos\PeggleScripting\Peggle.cpp(1316,5): warning C4244: 'initializing': conversion from 'T' to 'ULONG_PTR', possible loss of data
E:\Users\megal\source\repos\PeggleScripting\Peggle.cpp(1316,5): warning C4244:         with
E:\Users\megal\source\repos\PeggleScripting\Peggle.cpp(1316,5): warning C4244:         [
E:\Users\megal\source\repos\PeggleScripting\Peggle.cpp(1316,5): warning C4244:             T=int64_t
E:\Users\megal\source\repos\PeggleScripting\Peggle.cpp(1316,5): warning C4244:         ]
  (compiling source file '/Peggle.cpp')
  
E:\Users\megal\source\repos\PeggleScripting\Peggle.cpp(1316,5): warning C4244: '=': conversion from 'T' to 'DWORD', possible loss of data
E:\Users\megal\source\repos\PeggleScripting\Peggle.cpp(1316,5): warning C4244:         with
E:\Users\megal\source\repos\PeggleScripting\Peggle.cpp(1316,5): warning C4244:         [
E:\Users\megal\source\repos\PeggleScripting\Peggle.cpp(1316,5): warning C4244:             T=int64_t
E:\Users\megal\source\repos\PeggleScripting\Peggle.cpp(1316,5): warning C4244:         ]
  (compiling source file '/Peggle.cpp')
  
E:\Users\megal\source\repos\PeggleScripting\Peggle.cpp(1318,5): warning C4244: 'initializing': conversion from 'T' to 'ULONG_PTR', possible loss of data
E:\Users\megal\source\repos\PeggleScripting\Peggle.cpp(1318,5): warning C4244:         with
E:\Users\megal\source\repos\PeggleScripting\Peggle.cpp(1318,5): warning C4244:         [
E:\Users\megal\source\repos\PeggleScripting\Peggle.cpp(1318,5): warning C4244:             T=int64_t
E:\Users\megal\source\repos\PeggleScripting\Peggle.cpp(1318,5): warning C4244:         ]
  (compiling source file '/Peggle.cpp')
  
E:\Users\megal\source\repos\PeggleScripting\Peggle.cpp(1318,5): warning C4244: '=': conversion from 'T' to 'DWORD', possible loss of data
E:\Users\megal\source\repos\PeggleScripting\Peggle.cpp(1318,5): warning C4244:         with
E:\Users\megal\source\repos\PeggleScripting\Peggle.cpp(1318,5): warning C4244:         [
E:\Users\megal\source\repos\PeggleScripting\Peggle.cpp(1318,5): warning C4244:             T=int64_t
E:\Users\megal\source\repos\PeggleScripting\Peggle.cpp(1318,5): warning C4244:         ]
  (compiling source file '/Peggle.cpp')
  
E:\Users\megal\source\repos\PeggleScripting\Peggle.cpp(1319,5): warning C4244: 'initializing': conversion from 'T' to 'ULONG_PTR', possible loss of data
E:\Users\megal\source\repos\PeggleScripting\Peggle.cpp(1319,5): warning C4244:         with
E:\Users\megal\source\repos\PeggleScripting\Peggle.cpp(1319,5): warning C4244:         [
E:\Users\megal\source\repos\PeggleScripting\Peggle.cpp(1319,5): warning C4244:             T=int64_t
E:\Users\megal\source\repos\PeggleScripting\Peggle.cpp(1319,5): warning C4244:         ]
  (compiling source file '/Peggle.cpp')
  
E:\Users\megal\source\repos\PeggleScripting\Peggle.cpp(1319,5): warning C4244: '=': conversion from 'T' to 'DWORD', possible loss of data
E:\Users\megal\source\repos\PeggleScripting\Peggle.cpp(1319,5): warning C4244:         with
E:\Users\megal\source\repos\PeggleScripting\Peggle.cpp(1319,5): warning C4244:         [
E:\Users\megal\source\repos\PeggleScripting\Peggle.cpp(1319,5): warning C4244:             T=int64_t
E:\Users\megal\source\repos\PeggleScripting\Peggle.cpp(1319,5): warning C4244:         ]
  (compiling source file '/Peggle.cpp')
  
E:\Users\megal\source\repos\PeggleScripting\Peggle.cpp(1320,5): warning C4244: 'initializing': conversion from 'T' to 'ULONG_PTR', possible loss of data
E:\Users\megal\source\repos\PeggleScripting\Peggle.cpp(1320,5): warning C4244:         with
E:\Users\megal\source\repos\PeggleScripting\Peggle.cpp(1320,5): warning C4244:         [
E:\Users\megal\source\repos\PeggleScripting\Peggle.cpp(1320,5): warning C4244:             T=int64_t
E:\Users\megal\source\repos\PeggleScripting\Peggle.cpp(1320,5): warning C4244:         ]
  (compiling source file '/Peggle.cpp')
  
E:\Users\megal\source\repos\PeggleScripting\Peggle.cpp(1320,5): warning C4244: '=': conversion from 'T' to 'DWORD', possible loss of data
E:\Users\megal\source\repos\PeggleScripting\Peggle.cpp(1320,5): warning C4244:         with
E:\Users\megal\source\repos\PeggleScripting\Peggle.cpp(1320,5): warning C4244:         [
E:\Users\megal\source\repos\PeggleScripting\Peggle.cpp(1320,5): warning C4244:             T=int64_t
E:\Users\megal\source\repos\PeggleScripting\Peggle.cpp(1320,5): warning C4244:         ]
  (compiling source file '/Peggle.cpp')
  
E:\Users\megal\source\repos\PeggleScripting\Peggle.cpp(1322,5): warning C4244: 'initializing': conversion from 'T' to 'ULONG_PTR', possible loss of data
E:\Users\megal\source\repos\PeggleScripting\Peggle.cpp(1322,5): warning C4244:         with
E:\Users\megal\source\repos\PeggleScripting\Peggle.cpp(1322,5): warning C4244:         [
E:\Users\megal\source\repos\PeggleScripting\Peggle.cpp(1322,5): warning C4244:             T=int64_t
E:\Users\megal\source\repos\PeggleScripting\Peggle.cpp(1322,5): warning C4244:         ]
  (compiling source file '/Peggle.cpp')
  
E:\Users\megal\source\repos\PeggleScripting\Peggle.cpp(1322,5): warning C4244: '=': conversion from 'T' to 'DWORD', possible loss of data
E:\Users\megal\source\repos\PeggleScripting\Peggle.cpp(1322,5): warning C4244:         with
E:\Users\megal\source\repos\PeggleScripting\Peggle.cpp(1322,5): warning C4244:         [
E:\Users\megal\source\repos\PeggleScripting\Peggle.cpp(1322,5): warning C4244:             T=int64_t
E:\Users\megal\source\repos\PeggleScripting\Peggle.cpp(1322,5): warning C4244:         ]
  (compiling source file '/Peggle.cpp')
  
E:\Users\megal\source\repos\PeggleScripting\Peggle.cpp(1323,5): warning C4244: 'initializing': conversion from 'T' to 'ULONG_PTR', possible loss of data
E:\Users\megal\source\repos\PeggleScripting\Peggle.cpp(1323,5): warning C4244:         with
E:\Users\megal\source\repos\PeggleScripting\Peggle.cpp(1323,5): warning C4244:         [
E:\Users\megal\source\repos\PeggleScripting\Peggle.cpp(1323,5): warning C4244:             T=int64_t
E:\Users\megal\source\repos\PeggleScripting\Peggle.cpp(1323,5): warning C4244:         ]
  (compiling source file '/Peggle.cpp')
  
E:\Users\megal\source\repos\PeggleScripting\Peggle.cpp(1323,5): warning C4244: '=': conversion from 'T' to 'DWORD', possible loss of data
E:\Users\megal\source\repos\PeggleScripting\Peggle.cpp(1323,5): warning C4244:         with
E:\Users\megal\source\repos\PeggleScripting\Peggle.cpp(1323,5): warning C4244:         [
E:\Users\megal\source\repos\PeggleScripting\Peggle.cpp(1323,5): warning C4244:             T=int64_t
E:\Users\megal\source\repos\PeggleScripting\Peggle.cpp(1323,5): warning C4244:         ]
  (compiling source file '/Peggle.cpp')
  
E:\Users\megal\source\repos\PeggleScripting\Peggle.cpp(1324,5): warning C4244: 'initializing': conversion from 'T' to 'ULONG_PTR', possible loss of data
E:\Users\megal\source\repos\PeggleScripting\Peggle.cpp(1324,5): warning C4244:         with
E:\Users\megal\source\repos\PeggleScripting\Peggle.cpp(1324,5): warning C4244:         [
E:\Users\megal\source\repos\PeggleScripting\Peggle.cpp(1324,5): warning C4244:             T=int64_t
E:\Users\megal\source\repos\PeggleScripting\Peggle.cpp(1324,5): warning C4244:         ]
  (compiling source file '/Peggle.cpp')
  
E:\Users\megal\source\repos\PeggleScripting\Peggle.cpp(1324,5): warning C4244: '=': conversion from 'T' to 'DWORD', possible loss of data
E:\Users\megal\source\repos\PeggleScripting\Peggle.cpp(1324,5): warning C4244:         with
E:\Users\megal\source\repos\PeggleScripting\Peggle.cpp(1324,5): warning C4244:         [
E:\Users\megal\source\repos\PeggleScripting\Peggle.cpp(1324,5): warning C4244:             T=int64_t
E:\Users\megal\source\repos\PeggleScripting\Peggle.cpp(1324,5): warning C4244:         ]
  (compiling source file '/Peggle.cpp')
  
E:\Users\megal\source\repos\PeggleScripting\Peggle.cpp(1326,5): warning C4244: 'initializing': conversion from 'T' to 'ULONG_PTR', possible loss of data
E:\Users\megal\source\repos\PeggleScripting\Peggle.cpp(1326,5): warning C4244:         with
E:\Users\megal\source\repos\PeggleScripting\Peggle.cpp(1326,5): warning C4244:         [
E:\Users\megal\source\repos\PeggleScripting\Peggle.cpp(1326,5): warning C4244:             T=int64_t
E:\Users\megal\source\repos\PeggleScripting\Peggle.cpp(1326,5): warning C4244:         ]
  (compiling source file '/Peggle.cpp')
  
E:\Users\megal\source\repos\PeggleScripting\Peggle.cpp(1326,5): warning C4244: '=': conversion from 'T' to 'DWORD', possible loss of data
E:\Users\megal\source\repos\PeggleScripting\Peggle.cpp(1326,5): warning C4244:         with
E:\Users\megal\source\repos\PeggleScripting\Peggle.cpp(1326,5): warning C4244:         [
E:\Users\megal\source\repos\PeggleScripting\Peggle.cpp(1326,5): warning C4244:             T=int64_t
E:\Users\megal\source\repos\PeggleScripting\Peggle.cpp(1326,5): warning C4244:         ]
  (compiling source file '/Peggle.cpp')
  
E:\Users\megal\source\repos\PeggleScripting\Peggle.cpp(1327,5): warning C4244: 'initializing': conversion from 'T' to 'ULONG_PTR', possible loss of data
E:\Users\megal\source\repos\PeggleScripting\Peggle.cpp(1327,5): warning C4244:         with
E:\Users\megal\source\repos\PeggleScripting\Peggle.cpp(1327,5): warning C4244:         [
E:\Users\megal\source\repos\PeggleScripting\Peggle.cpp(1327,5): warning C4244:             T=int64_t
E:\Users\megal\source\repos\PeggleScripting\Peggle.cpp(1327,5): warning C4244:         ]
  (compiling source file '/Peggle.cpp')
  
E:\Users\megal\source\repos\PeggleScripting\Peggle.cpp(1327,5): warning C4244: '=': conversion from 'T' to 'BYTE', possible loss of data
E:\Users\megal\source\repos\PeggleScripting\Peggle.cpp(1327,5): warning C4244:         with
E:\Users\megal\source\repos\PeggleScripting\Peggle.cpp(1327,5): warning C4244:         [
E:\Users\megal\source\repos\PeggleScripting\Peggle.cpp(1327,5): warning C4244:             T=int64_t
E:\Users\megal\source\repos\PeggleScripting\Peggle.cpp(1327,5): warning C4244:         ]
  (compiling source file '/Peggle.cpp')
  
E:\Users\megal\source\repos\PeggleScripting\Peggle.cpp(1328,5): warning C4244: 'initializing': conversion from 'T' to 'ULONG_PTR', possible loss of data
E:\Users\megal\source\repos\PeggleScripting\Peggle.cpp(1328,5): warning C4244:         with
E:\Users\megal\source\repos\PeggleScripting\Peggle.cpp(1328,5): warning C4244:         [
E:\Users\megal\source\repos\PeggleScripting\Peggle.cpp(1328,5): warning C4244:             T=int64_t
E:\Users\megal\source\repos\PeggleScripting\Peggle.cpp(1328,5): warning C4244:         ]
  (compiling source file '/Peggle.cpp')
  
E:\Users\megal\source\repos\PeggleScripting\Peggle.cpp(1328,5): warning C4244: '=': conversion from 'T' to 'BYTE', possible loss of data
E:\Users\megal\source\repos\PeggleScripting\Peggle.cpp(1328,5): warning C4244:         with
E:\Users\megal\source\repos\PeggleScripting\Peggle.cpp(1328,5): warning C4244:         [
E:\Users\megal\source\repos\PeggleScripting\Peggle.cpp(1328,5): warning C4244:             T=int64_t
E:\Users\megal\source\repos\PeggleScripting\Peggle.cpp(1328,5): warning C4244:         ]
  (compiling source file '/Peggle.cpp')
  
E:\Users\megal\source\repos\PeggleScripting\Peggle.cpp(1329,5): warning C4244: 'initializing': conversion from 'T' to 'ULONG_PTR', possible loss of data
E:\Users\megal\source\repos\PeggleScripting\Peggle.cpp(1329,5): warning C4244:         with
E:\Users\megal\source\repos\PeggleScripting\Peggle.cpp(1329,5): warning C4244:         [
E:\Users\megal\source\repos\PeggleScripting\Peggle.cpp(1329,5): warning C4244:             T=int64_t
E:\Users\megal\source\repos\PeggleScripting\Peggle.cpp(1329,5): warning C4244:         ]
  (compiling source file '/Peggle.cpp')
  
E:\Users\megal\source\repos\PeggleScripting\Peggle.cpp(1329,5): warning C4244: '=': conversion from 'T' to 'BYTE', possible loss of data
E:\Users\megal\source\repos\PeggleScripting\Peggle.cpp(1329,5): warning C4244:         with
E:\Users\megal\source\repos\PeggleScripting\Peggle.cpp(1329,5): warning C4244:         [
E:\Users\megal\source\repos\PeggleScripting\Peggle.cpp(1329,5): warning C4244:             T=int64_t
E:\Users\megal\source\repos\PeggleScripting\Peggle.cpp(1329,5): warning C4244:         ]
  (compiling source file '/Peggle.cpp')
  
E:\Users\megal\source\repos\PeggleScripting\Peggle.cpp(1331,5): warning C4244: 'initializing': conversion from 'T' to 'ULONG_PTR', possible loss of data
E:\Users\megal\source\repos\PeggleScripting\Peggle.cpp(1331,5): warning C4244:         with
E:\Users\megal\source\repos\PeggleScripting\Peggle.cpp(1331,5): warning C4244:         [
E:\Users\megal\source\repos\PeggleScripting\Peggle.cpp(1331,5): warning C4244:             T=int64_t
E:\Users\megal\source\repos\PeggleScripting\Peggle.cpp(1331,5): warning C4244:         ]
  (compiling source file '/Peggle.cpp')
  
E:\Users\megal\source\repos\PeggleScripting\Peggle.cpp(1331,5): warning C4244: '=': conversion from 'double' to 'float', possible loss of data
  (compiling source file '/Peggle.cpp')
  
E:\Users\megal\source\repos\PeggleScripting\Peggle.cpp(1332,5): warning C4244: 'initializing': conversion from 'T' to 'ULONG_PTR', possible loss of data
E:\Users\megal\source\repos\PeggleScripting\Peggle.cpp(1332,5): warning C4244:         with
E:\Users\megal\source\repos\PeggleScripting\Peggle.cpp(1332,5): warning C4244:         [
E:\Users\megal\source\repos\PeggleScripting\Peggle.cpp(1332,5): warning C4244:             T=int64_t
E:\Users\megal\source\repos\PeggleScripting\Peggle.cpp(1332,5): warning C4244:         ]
  (compiling source file '/Peggle.cpp')
  
E:\Users\megal\source\repos\PeggleScripting\Peggle.cpp(1332,5): warning C4244: '=': conversion from 'double' to 'float', possible loss of data
  (compiling source file '/Peggle.cpp')
  
E:\Users\megal\source\repos\PeggleScripting\Peggle.cpp(1335,5): warning C4244: 'initializing': conversion from 'T' to 'ULONG_PTR', possible loss of data
E:\Users\megal\source\repos\PeggleScripting\Peggle.cpp(1335,5): warning C4244:         with
E:\Users\megal\source\repos\PeggleScripting\Peggle.cpp(1335,5): warning C4244:         [
E:\Users\megal\source\repos\PeggleScripting\Peggle.cpp(1335,5): warning C4244:             T=int64_t
E:\Users\megal\source\repos\PeggleScripting\Peggle.cpp(1335,5): warning C4244:         ]
  (compiling source file '/Peggle.cpp')
  
E:\Users\megal\source\repos\PeggleScripting\Peggle.cpp(1335,5): warning C4244: '=': conversion from 'T' to 'DWORD', possible loss of data
E:\Users\megal\source\repos\PeggleScripting\Peggle.cpp(1335,5): warning C4244:         with
E:\Users\megal\source\repos\PeggleScripting\Peggle.cpp(1335,5): warning C4244:         [
E:\Users\megal\source\repos\PeggleScripting\Peggle.cpp(1335,5): warning C4244:             T=int64_t
E:\Users\megal\source\repos\PeggleScripting\Peggle.cpp(1335,5): warning C4244:         ]
  (compiling source file '/Peggle.cpp')
  
E:\Users\megal\source\repos\PeggleScripting\Peggle.cpp(1336,5): warning C4244: 'initializing': conversion from 'T' to 'ULONG_PTR', possible loss of data
E:\Users\megal\source\repos\PeggleScripting\Peggle.cpp(1336,5): warning C4244:         with
E:\Users\megal\source\repos\PeggleScripting\Peggle.cpp(1336,5): warning C4244:         [
E:\Users\megal\source\repos\PeggleScripting\Peggle.cpp(1336,5): warning C4244:             T=int64_t
E:\Users\megal\source\repos\PeggleScripting\Peggle.cpp(1336,5): warning C4244:         ]
  (compiling source file '/Peggle.cpp')
  
E:\Users\megal\source\repos\PeggleScripting\Peggle.cpp(1336,5): warning C4244: '=': conversion from 'T' to 'DWORD', possible loss of data
E:\Users\megal\source\repos\PeggleScripting\Peggle.cpp(1336,5): warning C4244:         with
E:\Users\megal\source\repos\PeggleScripting\Peggle.cpp(1336,5): warning C4244:         [
E:\Users\megal\source\repos\PeggleScripting\Peggle.cpp(1336,5): warning C4244:             T=int64_t
E:\Users\megal\source\repos\PeggleScripting\Peggle.cpp(1336,5): warning C4244:         ]
  (compiling source file '/Peggle.cpp')
  
E:\Users\megal\source\repos\PeggleScripting\Peggle.cpp(1338,5): warning C4244: 'initializing': conversion from 'T' to 'ULONG_PTR', possible loss of data
E:\Users\megal\source\repos\PeggleScripting\Peggle.cpp(1338,5): warning C4244:         with
E:\Users\megal\source\repos\PeggleScripting\Peggle.cpp(1338,5): warning C4244:         [
E:\Users\megal\source\repos\PeggleScripting\Peggle.cpp(1338,5): warning C4244:             T=int64_t
E:\Users\megal\source\repos\PeggleScripting\Peggle.cpp(1338,5): warning C4244:         ]
  (compiling source file '/Peggle.cpp')
  
E:\Users\megal\source\repos\PeggleScripting\Peggle.cpp(1338,5): warning C4244: '=': conversion from 'T' to 'DWORD', possible loss of data
E:\Users\megal\source\repos\PeggleScripting\Peggle.cpp(1338,5): warning C4244:         with
E:\Users\megal\source\repos\PeggleScripting\Peggle.cpp(1338,5): warning C4244:         [
E:\Users\megal\source\repos\PeggleScripting\Peggle.cpp(1338,5): warning C4244:             T=int64_t
E:\Users\megal\source\repos\PeggleScripting\Peggle.cpp(1338,5): warning C4244:         ]
  (compiling source file '/Peggle.cpp')
  
E:\Users\megal\source\repos\PeggleScripting\Peggle.cpp(1339,5): warning C4244: 'initializing': conversion from 'T' to 'ULONG_PTR', possible loss of data
E:\Users\megal\source\repos\PeggleScripting\Peggle.cpp(1339,5): warning C4244:         with
E:\Users\megal\source\repos\PeggleScripting\Peggle.cpp(1339,5): warning C4244:         [
E:\Users\megal\source\repos\PeggleScripting\Peggle.cpp(1339,5): warning C4244:             T=int64_t
E:\Users\megal\source\repos\PeggleScripting\Peggle.cpp(1339,5): warning C4244:         ]
  (compiling source file '/Peggle.cpp')
  
E:\Users\megal\source\repos\PeggleScripting\Peggle.cpp(1339,5): warning C4244: '=': conversion from 'T' to 'DWORD', possible loss of data
E:\Users\megal\source\repos\PeggleScripting\Peggle.cpp(1339,5): warning C4244:         with
E:\Users\megal\source\repos\PeggleScripting\Peggle.cpp(1339,5): warning C4244:         [
E:\Users\megal\source\repos\PeggleScripting\Peggle.cpp(1339,5): warning C4244:             T=int64_t
E:\Users\megal\source\repos\PeggleScripting\Peggle.cpp(1339,5): warning C4244:         ]
  (compiling source file '/Peggle.cpp')
  
E:\Users\megal\source\repos\PeggleScripting\Peggle.cpp(1342,5): warning C4244: 'initializing': conversion from 'T' to 'ULONG_PTR', possible loss of data
E:\Users\megal\source\repos\PeggleScripting\Peggle.cpp(1342,5): warning C4244:         with
E:\Users\megal\source\repos\PeggleScripting\Peggle.cpp(1342,5): warning C4244:         [
E:\Users\megal\source\repos\PeggleScripting\Peggle.cpp(1342,5): warning C4244:             T=int64_t
E:\Users\megal\source\repos\PeggleScripting\Peggle.cpp(1342,5): warning C4244:         ]
  (compiling source file '/Peggle.cpp')
  
E:\Users\megal\source\repos\PeggleScripting\Peggle.cpp(1342,5): warning C4244: '=': conversion from 'T' to 'DWORD', possible loss of data
E:\Users\megal\source\repos\PeggleScripting\Peggle.cpp(1342,5): warning C4244:         with
E:\Users\megal\source\repos\PeggleScripting\Peggle.cpp(1342,5): warning C4244:         [
E:\Users\megal\source\repos\PeggleScripting\Peggle.cpp(1342,5): warning C4244:             T=int64_t
E:\Users\megal\source\repos\PeggleScripting\Peggle.cpp(1342,5): warning C4244:         ]
  (compiling source file '/Peggle.cpp')
  
E:\Users\megal\source\repos\PeggleScripting\Peggle.cpp(1567,23): warning C4244: '=': conversion from 'T' to 'DWORD', possible loss of data
E:\Users\megal\source\repos\PeggleScripting\Peggle.cpp(1567,23): warning C4244:         with
E:\Users\megal\source\repos\PeggleScripting\Peggle.cpp(1567,23): warning C4244:         [
E:\Users\megal\source\repos\PeggleScripting\Peggle.cpp(1567,23): warning C4244:             T=int64_t
E:\Users\megal\source\repos\PeggleScripting\Peggle.cpp(1567,23): warning C4244:         ]
  (compiling source file '/Peggle.cpp')
  
E:\Users\megal\source\repos\PeggleScripting\Peggle.cpp(1574,34): warning C4244: '=': conversion from 'T' to 'BOOL', possible loss of data
E:\Users\megal\source\repos\PeggleScripting\Peggle.cpp(1574,34): warning C4244:         with
E:\Users\megal\source\repos\PeggleScripting\Peggle.cpp(1574,34): warning C4244:         [
E:\Users\megal\source\repos\PeggleScripting\Peggle.cpp(1574,34): warning C4244:             T=int64_t
E:\Users\megal\source\repos\PeggleScripting\Peggle.cpp(1574,34): warning C4244:         ]
  (compiling source file '/Peggle.cpp')
  
E:\Users\megal\source\repos\PeggleScripting\Peggle.cpp(1585,66): warning C4244: 'argument': conversion from 'T' to 'DWORD', possible loss of data
E:\Users\megal\source\repos\PeggleScripting\Peggle.cpp(1585,66): warning C4244:         with
E:\Users\megal\source\repos\PeggleScripting\Peggle.cpp(1585,66): warning C4244:         [
E:\Users\megal\source\repos\PeggleScripting\Peggle.cpp(1585,66): warning C4244:             T=int64_t
E:\Users\megal\source\repos\PeggleScripting\Peggle.cpp(1585,66): warning C4244:         ]
  (compiling source file '/Peggle.cpp')
  
E:\Users\megal\source\repos\PeggleScripting\Peggle.cpp(1585,46): warning C4244: 'argument': conversion from 'T' to 'DWORD', possible loss of data
E:\Users\megal\source\repos\PeggleScripting\Peggle.cpp(1585,46): warning C4244:         with
E:\Users\megal\source\repos\PeggleScripting\Peggle.cpp(1585,46): warning C4244:         [
E:\Users\megal\source\repos\PeggleScripting\Peggle.cpp(1585,46): warning C4244:             T=int64_t
E:\Users\megal\source\repos\PeggleScripting\Peggle.cpp(1585,46): warning C4244:         ]
  (compiling source file '/Peggle.cpp')
  
E:\Users\megal\source\repos\PeggleScripting\Peggle.cpp(1585,26): warning C4244: 'argument': conversion from 'T' to 'DWORD', possible loss of data
E:\Users\megal\source\repos\PeggleScripting\Peggle.cpp(1585,26): warning C4244:         with
E:\Users\megal\source\repos\PeggleScripting\Peggle.cpp(1585,26): warning C4244:         [
E:\Users\megal\source\repos\PeggleScripting\Peggle.cpp(1585,26): warning C4244:             T=int64_t
E:\Users\megal\source\repos\PeggleScripting\Peggle.cpp(1585,26): warning C4244:         ]
  (compiling source file '/Peggle.cpp')
  
E:\Users\megal\source\repos\PeggleScripting\Peggle.cpp(1590,17): warning C4244: 'initializing': conversion from 'double' to 'float', possible loss of data
  (compiling source file '/Peggle.cpp')
  
E:\Users\megal\source\repos\PeggleScripting\Peggle.cpp(1591,17): warning C4244: 'initializing': conversion from 'double' to 'float', possible loss of data
  (compiling source file '/Peggle.cpp')
  
E:\Users\megal\source\repos\PeggleScripting\Peggle.cpp(1608,28): warning C4244: '=': conversion from 'T' to 'DWORD', possible loss of data
E:\Users\megal\source\repos\PeggleScripting\Peggle.cpp(1608,28): warning C4244:         with
E:\Users\megal\source\repos\PeggleScripting\Peggle.cpp(1608,28): warning C4244:         [
E:\Users\megal\source\repos\PeggleScripting\Peggle.cpp(1608,28): warning C4244:             T=int64_t
E:\Users\megal\source\repos\PeggleScripting\Peggle.cpp(1608,28): warning C4244:         ]
  (compiling source file '/Peggle.cpp')
  
E:\Users\megal\source\repos\PeggleScripting\Peggle.cpp(1814,24): warning C4244: 'initializing': conversion from 'T' to 'ULONG_PTR', possible loss of data
E:\Users\megal\source\repos\PeggleScripting\Peggle.cpp(1814,24): warning C4244:         with
E:\Users\megal\source\repos\PeggleScripting\Peggle.cpp(1814,24): warning C4244:         [
E:\Users\megal\source\repos\PeggleScripting\Peggle.cpp(1814,24): warning C4244:             T=int64_t
E:\Users\megal\source\repos\PeggleScripting\Peggle.cpp(1814,24): warning C4244:         ]
  (compiling source file '/Peggle.cpp')
  
E:\Users\megal\source\repos\PeggleScripting\Peggle.cpp(1848,70): warning C4244: 'argument': conversion from 'T' to 'DWORD', possible loss of data
E:\Users\megal\source\repos\PeggleScripting\Peggle.cpp(1848,70): warning C4244:         with
E:\Users\megal\source\repos\PeggleScripting\Peggle.cpp(1848,70): warning C4244:         [
E:\Users\megal\source\repos\PeggleScripting\Peggle.cpp(1848,70): warning C4244:             T=int64_t
E:\Users\megal\source\repos\PeggleScripting\Peggle.cpp(1848,70): warning C4244:         ]
  (compiling source file '/Peggle.cpp')
  
E:\Users\megal\source\repos\PeggleScripting\Peggle.cpp(1848,50): warning C4244: 'argument': conversion from 'T' to 'DWORD', possible loss of data
E:\Users\megal\source\repos\PeggleScripting\Peggle.cpp(1848,50): warning C4244:         with
E:\Users\megal\source\repos\PeggleScripting\Peggle.cpp(1848,50): warning C4244:         [
E:\Users\megal\source\repos\PeggleScripting\Peggle.cpp(1848,50): warning C4244:             T=int64_t
E:\Users\megal\source\repos\PeggleScripting\Peggle.cpp(1848,50): warning C4244:         ]
  (compiling source file '/Peggle.cpp')
  
E:\Users\megal\source\repos\PeggleScripting\Peggle.cpp(1848,30): warning C4244: 'argument': conversion from 'T' to 'DWORD', possible loss of data
E:\Users\megal\source\repos\PeggleScripting\Peggle.cpp(1848,30): warning C4244:         with
E:\Users\megal\source\repos\PeggleScripting\Peggle.cpp(1848,30): warning C4244:         [
E:\Users\megal\source\repos\PeggleScripting\Peggle.cpp(1848,30): warning C4244:             T=int64_t
E:\Users\megal\source\repos\PeggleScripting\Peggle.cpp(1848,30): warning C4244:         ]
  (compiling source file '/Peggle.cpp')
  
E:\Users\megal\source\repos\PeggleScripting\Peggle.cpp(1852,51): warning C4244: 'argument': conversion from 'T' to 'DWORD', possible loss of data
E:\Users\megal\source\repos\PeggleScripting\Peggle.cpp(1852,51): warning C4244:         with
E:\Users\megal\source\repos\PeggleScripting\Peggle.cpp(1852,51): warning C4244:         [
E:\Users\megal\source\repos\PeggleScripting\Peggle.cpp(1852,51): warning C4244:             T=int64_t
E:\Users\megal\source\repos\PeggleScripting\Peggle.cpp(1852,51): warning C4244:         ]
  (compiling source file '/Peggle.cpp')
  
E:\Users\megal\source\repos\PeggleScripting\Peggle.cpp(1861,5): warning C4244: 'initializing': conversion from 'T' to 'ULONG_PTR', possible loss of data
E:\Users\megal\source\repos\PeggleScripting\Peggle.cpp(1861,5): warning C4244:         with
E:\Users\megal\source\repos\PeggleScripting\Peggle.cpp(1861,5): warning C4244:         [
E:\Users\megal\source\repos\PeggleScripting\Peggle.cpp(1861,5): warning C4244:             T=int64_t
E:\Users\megal\source\repos\PeggleScripting\Peggle.cpp(1861,5): warning C4244:         ]
  (compiling source file '/Peggle.cpp')
  
E:\Users\megal\source\repos\PeggleScripting\Peggle.cpp(1861,5): warning C4244: '=': conversion from 'T' to 'BYTE', possible loss of data
E:\Users\megal\source\repos\PeggleScripting\Peggle.cpp(1861,5): warning C4244:         with
E:\Users\megal\source\repos\PeggleScripting\Peggle.cpp(1861,5): warning C4244:         [
E:\Users\megal\source\repos\PeggleScripting\Peggle.cpp(1861,5): warning C4244:             T=int64_t
E:\Users\megal\source\repos\PeggleScripting\Peggle.cpp(1861,5): warning C4244:         ]
  (compiling source file '/Peggle.cpp')
  
E:\Users\megal\source\repos\PeggleScripting\Peggle.cpp(1862,5): warning C4244: 'initializing': conversion from 'T' to 'ULONG_PTR', possible loss of data
E:\Users\megal\source\repos\PeggleScripting\Peggle.cpp(1862,5): warning C4244:         with
E:\Users\megal\source\repos\PeggleScripting\Peggle.cpp(1862,5): warning C4244:         [
E:\Users\megal\source\repos\PeggleScripting\Peggle.cpp(1862,5): warning C4244:             T=int64_t
E:\Users\megal\source\repos\PeggleScripting\Peggle.cpp(1862,5): warning C4244:         ]
  (compiling source file '/Peggle.cpp')
  
E:\Users\megal\source\repos\PeggleScripting\Peggle.cpp(1862,5): warning C4244: '=': conversion from 'T' to 'BYTE', possible loss of data
E:\Users\megal\source\repos\PeggleScripting\Peggle.cpp(1862,5): warning C4244:         with
E:\Users\megal\source\repos\PeggleScripting\Peggle.cpp(1862,5): warning C4244:         [
E:\Users\megal\source\repos\PeggleScripting\Peggle.cpp(1862,5): warning C4244:             T=int64_t
E:\Users\megal\source\repos\PeggleScripting\Peggle.cpp(1862,5): warning C4244:         ]
  (compiling source file '/Peggle.cpp')
  
E:\Users\megal\source\repos\PeggleScripting\Peggle.cpp(1863,5): warning C4244: 'initializing': conversion from 'T' to 'ULONG_PTR', possible loss of data
E:\Users\megal\source\repos\PeggleScripting\Peggle.cpp(1863,5): warning C4244:         with
E:\Users\megal\source\repos\PeggleScripting\Peggle.cpp(1863,5): warning C4244:         [
E:\Users\megal\source\repos\PeggleScripting\Peggle.cpp(1863,5): warning C4244:             T=int64_t
E:\Users\megal\source\repos\PeggleScripting\Peggle.cpp(1863,5): warning C4244:         ]
  (compiling source file '/Peggle.cpp')
  
E:\Users\megal\source\repos\PeggleScripting\Peggle.cpp(1863,5): warning C4244: '=': conversion from 'T' to 'BYTE', possible loss of data
E:\Users\megal\source\repos\PeggleScripting\Peggle.cpp(1863,5): warning C4244:         with
E:\Users\megal\source\repos\PeggleScripting\Peggle.cpp(1863,5): warning C4244:         [
E:\Users\megal\source\repos\PeggleScripting\Peggle.cpp(1863,5): warning C4244:             T=int64_t
E:\Users\megal\source\repos\PeggleScripting\Peggle.cpp(1863,5): warning C4244:         ]
  (compiling source file '/Peggle.cpp')
  
E:\Users\megal\source\repos\PeggleScripting\Peggle.cpp(1864,5): warning C4244: 'initializing': conversion from 'T' to 'ULONG_PTR', possible loss of data
E:\Users\megal\source\repos\PeggleScripting\Peggle.cpp(1864,5): warning C4244:         with
E:\Users\megal\source\repos\PeggleScripting\Peggle.cpp(1864,5): warning C4244:         [
E:\Users\megal\source\repos\PeggleScripting\Peggle.cpp(1864,5): warning C4244:             T=int64_t
E:\Users\megal\source\repos\PeggleScripting\Peggle.cpp(1864,5): warning C4244:         ]
  (compiling source file '/Peggle.cpp')
  
E:\Users\megal\source\repos\PeggleScripting\Peggle.cpp(1864,5): warning C4244: '=': conversion from 'T' to 'DWORD', possible loss of data
E:\Users\megal\source\repos\PeggleScripting\Peggle.cpp(1864,5): warning C4244:         with
E:\Users\megal\source\repos\PeggleScripting\Peggle.cpp(1864,5): warning C4244:         [
E:\Users\megal\source\repos\PeggleScripting\Peggle.cpp(1864,5): warning C4244:             T=int64_t
E:\Users\megal\source\repos\PeggleScripting\Peggle.cpp(1864,5): warning C4244:         ]
  (compiling source file '/Peggle.cpp')
  
E:\Users\megal\source\repos\PeggleScripting\Peggle.cpp(1866,5): warning C4244: 'initializing': conversion from 'T' to 'ULONG_PTR', possible loss of data
E:\Users\megal\source\repos\PeggleScripting\Peggle.cpp(1866,5): warning C4244:         with
E:\Users\megal\source\repos\PeggleScripting\Peggle.cpp(1866,5): warning C4244:         [
E:\Users\megal\source\repos\PeggleScripting\Peggle.cpp(1866,5): warning C4244:             T=int64_t
E:\Users\megal\source\repos\PeggleScripting\Peggle.cpp(1866,5): warning C4244:         ]
  (compiling source file '/Peggle.cpp')
  
E:\Users\megal\source\repos\PeggleScripting\Peggle.cpp(1866,5): warning C4244: '=': conversion from 'T' to 'DWORD', possible loss of data
E:\Users\megal\source\repos\PeggleScripting\Peggle.cpp(1866,5): warning C4244:         with
E:\Users\megal\source\repos\PeggleScripting\Peggle.cpp(1866,5): warning C4244:         [
E:\Users\megal\source\repos\PeggleScripting\Peggle.cpp(1866,5): warning C4244:             T=int64_t
E:\Users\megal\source\repos\PeggleScripting\Peggle.cpp(1866,5): warning C4244:         ]
  (compiling source file '/Peggle.cpp')
  
E:\Users\megal\source\repos\PeggleScripting\Peggle.cpp(1867,5): warning C4244: 'initializing': conversion from 'T' to 'ULONG_PTR', possible loss of data
E:\Users\megal\source\repos\PeggleScripting\Peggle.cpp(1867,5): warning C4244:         with
E:\Users\megal\source\repos\PeggleScripting\Peggle.cpp(1867,5): warning C4244:         [
E:\Users\megal\source\repos\PeggleScripting\Peggle.cpp(1867,5): warning C4244:             T=int64_t
E:\Users\megal\source\repos\PeggleScripting\Peggle.cpp(1867,5): warning C4244:         ]
  (compiling source file '/Peggle.cpp')
  
E:\Users\megal\source\repos\PeggleScripting\Peggle.cpp(1867,5): warning C4244: '=': conversion from 'T' to 'DWORD', possible loss of data
E:\Users\megal\source\repos\PeggleScripting\Peggle.cpp(1867,5): warning C4244:         with
E:\Users\megal\source\repos\PeggleScripting\Peggle.cpp(1867,5): warning C4244:         [
E:\Users\megal\source\repos\PeggleScripting\Peggle.cpp(1867,5): warning C4244:             T=int64_t
E:\Users\megal\source\repos\PeggleScripting\Peggle.cpp(1867,5): warning C4244:         ]
  (compiling source file '/Peggle.cpp')
  
E:\Users\megal\source\repos\PeggleScripting\Peggle.cpp(1868,5): warning C4244: 'initializing': conversion from 'T' to 'ULONG_PTR', possible loss of data
E:\Users\megal\source\repos\PeggleScripting\Peggle.cpp(1868,5): warning C4244:         with
E:\Users\megal\source\repos\PeggleScripting\Peggle.cpp(1868,5): warning C4244:         [
E:\Users\megal\source\repos\PeggleScripting\Peggle.cpp(1868,5): warning C4244:             T=int64_t
E:\Users\megal\source\repos\PeggleScripting\Peggle.cpp(1868,5): warning C4244:         ]
  (compiling source file '/Peggle.cpp')
  
E:\Users\megal\source\repos\PeggleScripting\Peggle.cpp(1868,5): warning C4244: '=': conversion from 'T' to 'DWORD', possible loss of data
E:\Users\megal\source\repos\PeggleScripting\Peggle.cpp(1868,5): warning C4244:         with
E:\Users\megal\source\repos\PeggleScripting\Peggle.cpp(1868,5): warning C4244:         [
E:\Users\megal\source\repos\PeggleScripting\Peggle.cpp(1868,5): warning C4244:             T=int64_t
E:\Users\megal\source\repos\PeggleScripting\Peggle.cpp(1868,5): warning C4244:         ]
  (compiling source file '/Peggle.cpp')
  
E:\Users\megal\source\repos\PeggleScripting\Peggle.cpp(1869,5): warning C4244: 'initializing': conversion from 'T' to 'ULONG_PTR', possible loss of data
E:\Users\megal\source\repos\PeggleScripting\Peggle.cpp(1869,5): warning C4244:         with
E:\Users\megal\source\repos\PeggleScripting\Peggle.cpp(1869,5): warning C4244:         [
E:\Users\megal\source\repos\PeggleScripting\Peggle.cpp(1869,5): warning C4244:             T=int64_t
E:\Users\megal\source\repos\PeggleScripting\Peggle.cpp(1869,5): warning C4244:         ]
  (compiling source file '/Peggle.cpp')
  
E:\Users\megal\source\repos\PeggleScripting\Peggle.cpp(1869,5): warning C4244: '=': conversion from 'T' to 'DWORD', possible loss of data
E:\Users\megal\source\repos\PeggleScripting\Peggle.cpp(1869,5): warning C4244:         with
E:\Users\megal\source\repos\PeggleScripting\Peggle.cpp(1869,5): warning C4244:         [
E:\Users\megal\source\repos\PeggleScripting\Peggle.cpp(1869,5): warning C4244:             T=int64_t
E:\Users\megal\source\repos\PeggleScripting\Peggle.cpp(1869,5): warning C4244:         ]
  (compiling source file '/Peggle.cpp')
  
E:\Users\megal\source\repos\PeggleScripting\Peggle.cpp(1870,5): warning C4244: 'initializing': conversion from 'T' to 'ULONG_PTR', possible loss of data
E:\Users\megal\source\repos\PeggleScripting\Peggle.cpp(1870,5): warning C4244:         with
E:\Users\megal\source\repos\PeggleScripting\Peggle.cpp(1870,5): warning C4244:         [
E:\Users\megal\source\repos\PeggleScripting\Peggle.cpp(1870,5): warning C4244:             T=int64_t
E:\Users\megal\source\repos\PeggleScripting\Peggle.cpp(1870,5): warning C4244:         ]
  (compiling source file '/Peggle.cpp')
  
E:\Users\megal\source\repos\PeggleScripting\Peggle.cpp(1870,5): warning C4244: '=': conversion from 'T' to 'DWORD', possible loss of data
E:\Users\megal\source\repos\PeggleScripting\Peggle.cpp(1870,5): warning C4244:         with
E:\Users\megal\source\repos\PeggleScripting\Peggle.cpp(1870,5): warning C4244:         [
E:\Users\megal\source\repos\PeggleScripting\Peggle.cpp(1870,5): warning C4244:             T=int64_t
E:\Users\megal\source\repos\PeggleScripting\Peggle.cpp(1870,5): warning C4244:         ]
  (compiling source file '/Peggle.cpp')
  
E:\Users\megal\source\repos\PeggleScripting\Peggle.cpp(1919,41): warning C4244: '=': conversion from 'T' to 'ULONG_PTR', possible loss of data
E:\Users\megal\source\repos\PeggleScripting\Peggle.cpp(1919,41): warning C4244:         with
E:\Users\megal\source\repos\PeggleScripting\Peggle.cpp(1919,41): warning C4244:         [
E:\Users\megal\source\repos\PeggleScripting\Peggle.cpp(1919,41): warning C4244:             T=int64_t
E:\Users\megal\source\repos\PeggleScripting\Peggle.cpp(1919,41): warning C4244:         ]
  (compiling source file '/Peggle.cpp')
  
E:\Users\megal\source\repos\PeggleScripting\Peggle.cpp(1922,41): warning C4244: '=': conversion from 'T' to 'ULONG_PTR', possible loss of data
E:\Users\megal\source\repos\PeggleScripting\Peggle.cpp(1922,41): warning C4244:         with
E:\Users\megal\source\repos\PeggleScripting\Peggle.cpp(1922,41): warning C4244:         [
E:\Users\megal\source\repos\PeggleScripting\Peggle.cpp(1922,41): warning C4244:             T=int64_t
E:\Users\megal\source\repos\PeggleScripting\Peggle.cpp(1922,41): warning C4244:         ]
  (compiling source file '/Peggle.cpp')
  
E:\Users\megal\source\repos\PeggleScripting\Peggle.cpp(1976,24): warning C4244: 'initializing': conversion from 'T' to 'ULONG_PTR', possible loss of data
E:\Users\megal\source\repos\PeggleScripting\Peggle.cpp(1976,24): warning C4244:         with
E:\Users\megal\source\repos\PeggleScripting\Peggle.cpp(1976,24): warning C4244:         [
E:\Users\megal\source\repos\PeggleScripting\Peggle.cpp(1976,24): warning C4244:             T=int64_t
E:\Users\megal\source\repos\PeggleScripting\Peggle.cpp(1976,24): warning C4244:         ]
  (compiling source file '/Peggle.cpp')
  
E:\Users\megal\source\repos\PeggleScripting\Peggle.cpp(2004,5): warning C4244: 'initializing': conversion from 'T' to 'ULONG_PTR', possible loss of data
E:\Users\megal\source\repos\PeggleScripting\Peggle.cpp(2004,5): warning C4244:         with
E:\Users\megal\source\repos\PeggleScripting\Peggle.cpp(2004,5): warning C4244:         [
E:\Users\megal\source\repos\PeggleScripting\Peggle.cpp(2004,5): warning C4244:             T=int64_t
E:\Users\megal\source\repos\PeggleScripting\Peggle.cpp(2004,5): warning C4244:         ]
  (compiling source file '/Peggle.cpp')
  
E:\Users\megal\source\repos\PeggleScripting\Peggle.cpp(2004,5): warning C4244: '=': conversion from 'T' to 'DWORD', possible loss of data
E:\Users\megal\source\repos\PeggleScripting\Peggle.cpp(2004,5): warning C4244:         with
E:\Users\megal\source\repos\PeggleScripting\Peggle.cpp(2004,5): warning C4244:         [
E:\Users\megal\source\repos\PeggleScripting\Peggle.cpp(2004,5): warning C4244:             T=int64_t
E:\Users\megal\source\repos\PeggleScripting\Peggle.cpp(2004,5): warning C4244:         ]
  (compiling source file '/Peggle.cpp')
  
E:\Users\megal\source\repos\PeggleScripting\Peggle.cpp(2005,5): warning C4244: 'initializing': conversion from 'T' to 'ULONG_PTR', possible loss of data
E:\Users\megal\source\repos\PeggleScripting\Peggle.cpp(2005,5): warning C4244:         with
E:\Users\megal\source\repos\PeggleScripting\Peggle.cpp(2005,5): warning C4244:         [
E:\Users\megal\source\repos\PeggleScripting\Peggle.cpp(2005,5): warning C4244:             T=int64_t
E:\Users\megal\source\repos\PeggleScripting\Peggle.cpp(2005,5): warning C4244:         ]
  (compiling source file '/Peggle.cpp')
  
E:\Users\megal\source\repos\PeggleScripting\Peggle.cpp(2005,5): warning C4244: '=': conversion from 'T' to 'DWORD', possible loss of data
E:\Users\megal\source\repos\PeggleScripting\Peggle.cpp(2005,5): warning C4244:         with
E:\Users\megal\source\repos\PeggleScripting\Peggle.cpp(2005,5): warning C4244:         [
E:\Users\megal\source\repos\PeggleScripting\Peggle.cpp(2005,5): warning C4244:             T=int64_t
E:\Users\megal\source\repos\PeggleScripting\Peggle.cpp(2005,5): warning C4244:         ]
  (compiling source file '/Peggle.cpp')
  
E:\Users\megal\source\repos\PeggleScripting\Peggle.cpp(2011,5): warning C4244: 'initializing': conversion from 'T' to 'ULONG_PTR', possible loss of data
E:\Users\megal\source\repos\PeggleScripting\Peggle.cpp(2011,5): warning C4244:         with
E:\Users\megal\source\repos\PeggleScripting\Peggle.cpp(2011,5): warning C4244:         [
E:\Users\megal\source\repos\PeggleScripting\Peggle.cpp(2011,5): warning C4244:             T=int64_t
E:\Users\megal\source\repos\PeggleScripting\Peggle.cpp(2011,5): warning C4244:         ]
  (compiling source file '/Peggle.cpp')
  
E:\Users\megal\source\repos\PeggleScripting\Peggle.cpp(2011,5): warning C4244: '=': conversion from 'T' to 'DWORD', possible loss of data
E:\Users\megal\source\repos\PeggleScripting\Peggle.cpp(2011,5): warning C4244:         with
E:\Users\megal\source\repos\PeggleScripting\Peggle.cpp(2011,5): warning C4244:         [
E:\Users\megal\source\repos\PeggleScripting\Peggle.cpp(2011,5): warning C4244:             T=int64_t
E:\Users\megal\source\repos\PeggleScripting\Peggle.cpp(2011,5): warning C4244:         ]
  (compiling source file '/Peggle.cpp')
  
E:\Users\megal\source\repos\PeggleScripting\Peggle.cpp(2015,24): warning C4244: 'initializing': conversion from 'T' to 'ULONG_PTR', possible loss of data
E:\Users\megal\source\repos\PeggleScripting\Peggle.cpp(2015,24): warning C4244:         with
E:\Users\megal\source\repos\PeggleScripting\Peggle.cpp(2015,24): warning C4244:         [
E:\Users\megal\source\repos\PeggleScripting\Peggle.cpp(2015,24): warning C4244:             T=int64_t
E:\Users\megal\source\repos\PeggleScripting\Peggle.cpp(2015,24): warning C4244:         ]
  (compiling source file '/Peggle.cpp')
  
E:\Users\megal\source\repos\PeggleScripting\Peggle.cpp(2018,19): warning C4244: 'initializing': conversion from 'T' to 'DWORD', possible loss of data
E:\Users\megal\source\repos\PeggleScripting\Peggle.cpp(2018,19): warning C4244:         with
E:\Users\megal\source\repos\PeggleScripting\Peggle.cpp(2018,19): warning C4244:         [
E:\Users\megal\source\repos\PeggleScripting\Peggle.cpp(2018,19): warning C4244:             T=int64_t
E:\Users\megal\source\repos\PeggleScripting\Peggle.cpp(2018,19): warning C4244:         ]
  (compiling source file '/Peggle.cpp')
  
E:\Users\megal\source\repos\PeggleScripting\Peggle.cpp(2024,19): warning C4244: '=': conversion from 'T' to 'DWORD', possible loss of data
E:\Users\megal\source\repos\PeggleScripting\Peggle.cpp(2024,19): warning C4244:         with
E:\Users\megal\source\repos\PeggleScripting\Peggle.cpp(2024,19): warning C4244:         [
E:\Users\megal\source\repos\PeggleScripting\Peggle.cpp(2024,19): warning C4244:             T=int64_t
E:\Users\megal\source\repos\PeggleScripting\Peggle.cpp(2024,19): warning C4244:         ]
  (compiling source file '/Peggle.cpp')
  
E:\Users\megal\source\repos\PeggleScripting\Peggle.cpp(2033,5): warning C4244: 'initializing': conversion from 'T' to 'ULONG_PTR', possible loss of data
E:\Users\megal\source\repos\PeggleScripting\Peggle.cpp(2033,5): warning C4244:         with
E:\Users\megal\source\repos\PeggleScripting\Peggle.cpp(2033,5): warning C4244:         [
E:\Users\megal\source\repos\PeggleScripting\Peggle.cpp(2033,5): warning C4244:             T=int64_t
E:\Users\megal\source\repos\PeggleScripting\Peggle.cpp(2033,5): warning C4244:         ]
  (compiling source file '/Peggle.cpp')
  
E:\Users\megal\source\repos\PeggleScripting\Peggle.cpp(2033,5): warning C4244: '=': conversion from 'T' to 'BYTE', possible loss of data
E:\Users\megal\source\repos\PeggleScripting\Peggle.cpp(2033,5): warning C4244:         with
E:\Users\megal\source\repos\PeggleScripting\Peggle.cpp(2033,5): warning C4244:         [
E:\Users\megal\source\repos\PeggleScripting\Peggle.cpp(2033,5): warning C4244:             T=int64_t
E:\Users\megal\source\repos\PeggleScripting\Peggle.cpp(2033,5): warning C4244:         ]
  (compiling source file '/Peggle.cpp')
  
E:\Users\megal\source\repos\PeggleScripting\Peggle.cpp(2034,5): warning C4244: 'initializing': conversion from 'T' to 'ULONG_PTR', possible loss of data
E:\Users\megal\source\repos\PeggleScripting\Peggle.cpp(2034,5): warning C4244:         with
E:\Users\megal\source\repos\PeggleScripting\Peggle.cpp(2034,5): warning C4244:         [
E:\Users\megal\source\repos\PeggleScripting\Peggle.cpp(2034,5): warning C4244:             T=int64_t
E:\Users\megal\source\repos\PeggleScripting\Peggle.cpp(2034,5): warning C4244:         ]
  (compiling source file '/Peggle.cpp')
  
E:\Users\megal\source\repos\PeggleScripting\Peggle.cpp(2034,5): warning C4244: '=': conversion from 'T' to 'BYTE', possible loss of data
E:\Users\megal\source\repos\PeggleScripting\Peggle.cpp(2034,5): warning C4244:         with
E:\Users\megal\source\repos\PeggleScripting\Peggle.cpp(2034,5): warning C4244:         [
E:\Users\megal\source\repos\PeggleScripting\Peggle.cpp(2034,5): warning C4244:             T=int64_t
E:\Users\megal\source\repos\PeggleScripting\Peggle.cpp(2034,5): warning C4244:         ]
  (compiling source file '/Peggle.cpp')
  
E:\Users\megal\source\repos\PeggleScripting\Peggle.cpp(2035,5): warning C4244: 'initializing': conversion from 'T' to 'ULONG_PTR', possible loss of data
E:\Users\megal\source\repos\PeggleScripting\Peggle.cpp(2035,5): warning C4244:         with
E:\Users\megal\source\repos\PeggleScripting\Peggle.cpp(2035,5): warning C4244:         [
E:\Users\megal\source\repos\PeggleScripting\Peggle.cpp(2035,5): warning C4244:             T=int64_t
E:\Users\megal\source\repos\PeggleScripting\Peggle.cpp(2035,5): warning C4244:         ]
  (compiling source file '/Peggle.cpp')
  
E:\Users\megal\source\repos\PeggleScripting\Peggle.cpp(2035,5): warning C4244: '=': conversion from 'T' to 'BYTE', possible loss of data
E:\Users\megal\source\repos\PeggleScripting\Peggle.cpp(2035,5): warning C4244:         with
E:\Users\megal\source\repos\PeggleScripting\Peggle.cpp(2035,5): warning C4244:         [
E:\Users\megal\source\repos\PeggleScripting\Peggle.cpp(2035,5): warning C4244:             T=int64_t
E:\Users\megal\source\repos\PeggleScripting\Peggle.cpp(2035,5): warning C4244:         ]
  (compiling source file '/Peggle.cpp')
  
E:\Users\megal\source\repos\PeggleScripting\Peggle.cpp(2036,5): warning C4244: 'initializing': conversion from 'T' to 'ULONG_PTR', possible loss of data
E:\Users\megal\source\repos\PeggleScripting\Peggle.cpp(2036,5): warning C4244:         with
E:\Users\megal\source\repos\PeggleScripting\Peggle.cpp(2036,5): warning C4244:         [
E:\Users\megal\source\repos\PeggleScripting\Peggle.cpp(2036,5): warning C4244:             T=int64_t
E:\Users\megal\source\repos\PeggleScripting\Peggle.cpp(2036,5): warning C4244:         ]
  (compiling source file '/Peggle.cpp')
  
E:\Users\megal\source\repos\PeggleScripting\Peggle.cpp(2036,5): warning C4244: '=': conversion from 'T' to 'BYTE', possible loss of data
E:\Users\megal\source\repos\PeggleScripting\Peggle.cpp(2036,5): warning C4244:         with
E:\Users\megal\source\repos\PeggleScripting\Peggle.cpp(2036,5): warning C4244:         [
E:\Users\megal\source\repos\PeggleScripting\Peggle.cpp(2036,5): warning C4244:             T=int64_t
E:\Users\megal\source\repos\PeggleScripting\Peggle.cpp(2036,5): warning C4244:         ]
  (compiling source file '/Peggle.cpp')
  
E:\Users\megal\source\repos\PeggleScripting\Peggle.cpp(2039,5): warning C4244: 'initializing': conversion from 'T' to 'ULONG_PTR', possible loss of data
E:\Users\megal\source\repos\PeggleScripting\Peggle.cpp(2039,5): warning C4244:         with
E:\Users\megal\source\repos\PeggleScripting\Peggle.cpp(2039,5): warning C4244:         [
E:\Users\megal\source\repos\PeggleScripting\Peggle.cpp(2039,5): warning C4244:             T=int64_t
E:\Users\megal\source\repos\PeggleScripting\Peggle.cpp(2039,5): warning C4244:         ]
  (compiling source file '/Peggle.cpp')
  
E:\Users\megal\source\repos\PeggleScripting\Peggle.cpp(2039,5): warning C4244: '=': conversion from 'double' to 'float', possible loss of data
  (compiling source file '/Peggle.cpp')
  
E:\Users\megal\source\repos\PeggleScripting\Peggle.cpp(2040,5): warning C4244: 'initializing': conversion from 'T' to 'ULONG_PTR', possible loss of data
E:\Users\megal\source\repos\PeggleScripting\Peggle.cpp(2040,5): warning C4244:         with
E:\Users\megal\source\repos\PeggleScripting\Peggle.cpp(2040,5): warning C4244:         [
E:\Users\megal\source\repos\PeggleScripting\Peggle.cpp(2040,5): warning C4244:             T=int64_t
E:\Users\megal\source\repos\PeggleScripting\Peggle.cpp(2040,5): warning C4244:         ]
  (compiling source file '/Peggle.cpp')
  
E:\Users\megal\source\repos\PeggleScripting\Peggle.cpp(2040,5): warning C4244: '=': conversion from 'double' to 'float', possible loss of data
  (compiling source file '/Peggle.cpp')
  
E:\Users\megal\source\repos\PeggleScripting\Peggle.cpp(2041,5): warning C4244: 'initializing': conversion from 'T' to 'ULONG_PTR', possible loss of data
E:\Users\megal\source\repos\PeggleScripting\Peggle.cpp(2041,5): warning C4244:         with
E:\Users\megal\source\repos\PeggleScripting\Peggle.cpp(2041,5): warning C4244:         [
E:\Users\megal\source\repos\PeggleScripting\Peggle.cpp(2041,5): warning C4244:             T=int64_t
E:\Users\megal\source\repos\PeggleScripting\Peggle.cpp(2041,5): warning C4244:         ]
  (compiling source file '/Peggle.cpp')
  
E:\Users\megal\source\repos\PeggleScripting\Peggle.cpp(2041,5): warning C4244: '=': conversion from 'double' to 'float', possible loss of data
  (compiling source file '/Peggle.cpp')
  
E:\Users\megal\source\repos\PeggleScripting\Peggle.cpp(2043,5): warning C4244: 'initializing': conversion from 'T' to 'ULONG_PTR', possible loss of data
E:\Users\megal\source\repos\PeggleScripting\Peggle.cpp(2043,5): warning C4244:         with
E:\Users\megal\source\repos\PeggleScripting\Peggle.cpp(2043,5): warning C4244:         [
E:\Users\megal\source\repos\PeggleScripting\Peggle.cpp(2043,5): warning C4244:             T=int64_t
E:\Users\megal\source\repos\PeggleScripting\Peggle.cpp(2043,5): warning C4244:         ]
  (compiling source file '/Peggle.cpp')
  
E:\Users\megal\source\repos\PeggleScripting\Peggle.cpp(2043,5): warning C4244: '=': conversion from 'double' to 'float', possible loss of data
  (compiling source file '/Peggle.cpp')
  
E:\Users\megal\source\repos\PeggleScripting\Peggle.cpp(2044,5): warning C4244: 'initializing': conversion from 'T' to 'ULONG_PTR', possible loss of data
E:\Users\megal\source\repos\PeggleScripting\Peggle.cpp(2044,5): warning C4244:         with
E:\Users\megal\source\repos\PeggleScripting\Peggle.cpp(2044,5): warning C4244:         [
E:\Users\megal\source\repos\PeggleScripting\Peggle.cpp(2044,5): warning C4244:             T=int64_t
E:\Users\megal\source\repos\PeggleScripting\Peggle.cpp(2044,5): warning C4244:         ]
  (compiling source file '/Peggle.cpp')
  
E:\Users\megal\source\repos\PeggleScripting\Peggle.cpp(2044,5): warning C4244: '=': conversion from 'double' to 'float', possible loss of data
  (compiling source file '/Peggle.cpp')
  
E:\Users\megal\source\repos\PeggleScripting\Peggle.cpp(2045,5): warning C4244: 'initializing': conversion from 'T' to 'ULONG_PTR', possible loss of data
E:\Users\megal\source\repos\PeggleScripting\Peggle.cpp(2045,5): warning C4244:         with
E:\Users\megal\source\repos\PeggleScripting\Peggle.cpp(2045,5): warning C4244:         [
E:\Users\megal\source\repos\PeggleScripting\Peggle.cpp(2045,5): warning C4244:             T=int64_t
E:\Users\megal\source\repos\PeggleScripting\Peggle.cpp(2045,5): warning C4244:         ]
  (compiling source file '/Peggle.cpp')
  
E:\Users\megal\source\repos\PeggleScripting\Peggle.cpp(2045,5): warning C4244: '=': conversion from 'double' to 'float', possible loss of data
  (compiling source file '/Peggle.cpp')
  
E:\Users\megal\source\repos\PeggleScripting\Peggle.cpp(2046,5): warning C4244: 'initializing': conversion from 'T' to 'ULONG_PTR', possible loss of data
E:\Users\megal\source\repos\PeggleScripting\Peggle.cpp(2046,5): warning C4244:         with
E:\Users\megal\source\repos\PeggleScripting\Peggle.cpp(2046,5): warning C4244:         [
E:\Users\megal\source\repos\PeggleScripting\Peggle.cpp(2046,5): warning C4244:             T=int64_t
E:\Users\megal\source\repos\PeggleScripting\Peggle.cpp(2046,5): warning C4244:         ]
  (compiling source file '/Peggle.cpp')
  
E:\Users\megal\source\repos\PeggleScripting\Peggle.cpp(2046,5): warning C4244: '=': conversion from 'double' to 'float', possible loss of data
  (compiling source file '/Peggle.cpp')
  
E:\Users\megal\source\repos\PeggleScripting\Peggle.cpp(2063,24): warning C4244: 'initializing': conversion from 'T' to 'ULONG_PTR', possible loss of data
E:\Users\megal\source\repos\PeggleScripting\Peggle.cpp(2063,24): warning C4244:         with
E:\Users\megal\source\repos\PeggleScripting\Peggle.cpp(2063,24): warning C4244:         [
E:\Users\megal\source\repos\PeggleScripting\Peggle.cpp(2063,24): warning C4244:             T=int64_t
E:\Users\megal\source\repos\PeggleScripting\Peggle.cpp(2063,24): warning C4244:         ]
  (compiling source file '/Peggle.cpp')
  
E:\Users\megal\source\repos\PeggleScripting\Peggle.cpp(2079,24): warning C4244: '=': conversion from 'T' to 'ULONG_PTR', possible loss of data
E:\Users\megal\source\repos\PeggleScripting\Peggle.cpp(2079,24): warning C4244:         with
E:\Users\megal\source\repos\PeggleScripting\Peggle.cpp(2079,24): warning C4244:         [
E:\Users\megal\source\repos\PeggleScripting\Peggle.cpp(2079,24): warning C4244:             T=int64_t
E:\Users\megal\source\repos\PeggleScripting\Peggle.cpp(2079,24): warning C4244:         ]
  (compiling source file '/Peggle.cpp')
  
E:\Users\megal\source\repos\PeggleScripting\Peggle.cpp(2082,24): warning C4244: '=': conversion from 'T' to 'ULONG_PTR', possible loss of data
E:\Users\megal\source\repos\PeggleScripting\Peggle.cpp(2082,24): warning C4244:         with
E:\Users\megal\source\repos\PeggleScripting\Peggle.cpp(2082,24): warning C4244:         [
E:\Users\megal\source\repos\PeggleScripting\Peggle.cpp(2082,24): warning C4244:             T=int64_t
E:\Users\megal\source\repos\PeggleScripting\Peggle.cpp(2082,24): warning C4244:         ]
  (compiling source file '/Peggle.cpp')
  
E:\Users\megal\source\repos\PeggleScripting\Peggle.cpp(2090,59): warning C4244: 'argument': conversion from 'T' to 'DWORD', possible loss of data
E:\Users\megal\source\repos\PeggleScripting\Peggle.cpp(2090,59): warning C4244:         with
E:\Users\megal\source\repos\PeggleScripting\Peggle.cpp(2090,59): warning C4244:         [
E:\Users\megal\source\repos\PeggleScripting\Peggle.cpp(2090,59): warning C4244:             T=int64_t
E:\Users\megal\source\repos\PeggleScripting\Peggle.cpp(2090,59): warning C4244:         ]
  (compiling source file '/Peggle.cpp')
  
E:\Users\megal\source\repos\PeggleScripting\Peggle.cpp(2090,39): warning C4244: 'argument': conversion from 'T' to 'DWORD', possible loss of data
E:\Users\megal\source\repos\PeggleScripting\Peggle.cpp(2090,39): warning C4244:         with
E:\Users\megal\source\repos\PeggleScripting\Peggle.cpp(2090,39): warning C4244:         [
E:\Users\megal\source\repos\PeggleScripting\Peggle.cpp(2090,39): warning C4244:             T=int64_t
E:\Users\megal\source\repos\PeggleScripting\Peggle.cpp(2090,39): warning C4244:         ]
  (compiling source file '/Peggle.cpp')
  
E:\Users\megal\source\repos\PeggleScripting\Peggle.cpp(2104,135): warning C4244: 'argument': conversion from 'double' to 'float', possible loss of data
  (compiling source file '/Peggle.cpp')
  
E:\Users\megal\source\repos\PeggleScripting\Peggle.cpp(2104,117): warning C4244: 'argument': conversion from 'double' to 'float', possible loss of data
  (compiling source file '/Peggle.cpp')
  
E:\Users\megal\source\repos\PeggleScripting\Peggle.cpp(2104,99): warning C4244: 'argument': conversion from 'double' to 'float', possible loss of data
  (compiling source file '/Peggle.cpp')
  
E:\Users\megal\source\repos\PeggleScripting\Peggle.cpp(2104,81): warning C4244: 'argument': conversion from 'double' to 'float', possible loss of data
  (compiling source file '/Peggle.cpp')
  
E:\Users\megal\source\repos\PeggleScripting\Peggle.cpp(2119,58): warning C4244: '=': conversion from 'T' to 'DWORD', possible loss of data
E:\Users\megal\source\repos\PeggleScripting\Peggle.cpp(2119,58): warning C4244:         with
E:\Users\megal\source\repos\PeggleScripting\Peggle.cpp(2119,58): warning C4244:         [
E:\Users\megal\source\repos\PeggleScripting\Peggle.cpp(2119,58): warning C4244:             T=int64_t
E:\Users\megal\source\repos\PeggleScripting\Peggle.cpp(2119,58): warning C4244:         ]
  (compiling source file '/Peggle.cpp')
  
E:\Users\megal\source\repos\PeggleScripting\Peggle.cpp(2120,58): warning C4244: '=': conversion from 'T' to 'DWORD', possible loss of data
E:\Users\megal\source\repos\PeggleScripting\Peggle.cpp(2120,58): warning C4244:         with
E:\Users\megal\source\repos\PeggleScripting\Peggle.cpp(2120,58): warning C4244:         [
E:\Users\megal\source\repos\PeggleScripting\Peggle.cpp(2120,58): warning C4244:             T=int64_t
E:\Users\megal\source\repos\PeggleScripting\Peggle.cpp(2120,58): warning C4244:         ]
  (compiling source file '/Peggle.cpp')
  
E:\Users\megal\source\repos\PeggleScripting\Peggle.cpp(2161,50): warning C4244: '=': conversion from 'double' to 'float', possible loss of data
  (compiling source file '/Peggle.cpp')
  
E:\Users\megal\source\repos\PeggleScripting\Peggle.cpp(2162,50): warning C4244: '=': conversion from 'double' to 'float', possible loss of data
  (compiling source file '/Peggle.cpp')
  
E:\Users\megal\source\repos\PeggleScripting\Peggle.cpp(2287,5): warning C4244: '=': conversion from 'T' to 'DWORD', possible loss of data
E:\Users\megal\source\repos\PeggleScripting\Peggle.cpp(2287,5): warning C4244:         with
E:\Users\megal\source\repos\PeggleScripting\Peggle.cpp(2287,5): warning C4244:         [
E:\Users\megal\source\repos\PeggleScripting\Peggle.cpp(2287,5): warning C4244:             T=int64_t
E:\Users\megal\source\repos\PeggleScripting\Peggle.cpp(2287,5): warning C4244:         ]
  (compiling source file '/Peggle.cpp')
  
E:\Users\megal\source\repos\PeggleScripting\Peggle.cpp(2289,5): warning C4244: '=': conversion from 'T' to 'BYTE', possible loss of data
E:\Users\megal\source\repos\PeggleScripting\Peggle.cpp(2289,5): warning C4244:         with
E:\Users\megal\source\repos\PeggleScripting\Peggle.cpp(2289,5): warning C4244:         [
E:\Users\megal\source\repos\PeggleScripting\Peggle.cpp(2289,5): warning C4244:             T=int64_t
E:\Users\megal\source\repos\PeggleScripting\Peggle.cpp(2289,5): warning C4244:         ]
  (compiling source file '/Peggle.cpp')
  
E:\Users\megal\source\repos\PeggleScripting\Peggle.cpp(2291,5): warning C4244: '=': conversion from 'double' to 'float', possible loss of data
  (compiling source file '/Peggle.cpp')
  
E:\Users\megal\source\repos\PeggleScripting\Peggle.cpp(2292,5): warning C4244: '=': conversion from 'double' to 'float', possible loss of data
  (compiling source file '/Peggle.cpp')
  
E:\Users\megal\source\repos\PeggleScripting\Peggle.cpp(2647,1): warning C4409: illegal instruction size
  (compiling source file '/Peggle.cpp')
  
E:\Users\megal\source\repos\PeggleScripting\Peggle.cpp(2740,1): warning C4409: illegal instruction size
  (compiling source file '/Peggle.cpp')
  
E:\Users\megal\source\repos\PeggleScripting\Peggle.cpp(2837,1): warning C4409: illegal instruction size
  (compiling source file '/Peggle.cpp')
  
E:\Users\megal\source\repos\PeggleScripting\Peggle.cpp(2909,1): warning C4409: illegal instruction size
  (compiling source file '/Peggle.cpp')
  
  v8helper2.cpp
E:\Users\megal\source\repos\PeggleScripting\v8helper2.cpp(151,11): warning C4244: 'argument': conversion from 'T' to 'DWORD', possible loss of data
E:\Users\megal\source\repos\PeggleScripting\v8helper2.cpp(151,11): warning C4244:         with
E:\Users\megal\source\repos\PeggleScripting\v8helper2.cpp(151,11): warning C4244:         [
E:\Users\megal\source\repos\PeggleScripting\v8helper2.cpp(151,11): warning C4244:             T=int64_t
E:\Users\megal\source\repos\PeggleScripting\v8helper2.cpp(151,11): warning C4244:         ]
  (compiling source file '/v8helper2.cpp')
  
E:\Users\megal\source\repos\PeggleScripting\v8helper2.cpp(179,33): warning C4244: 'argument': conversion from 'T' to 'DWORD', possible loss of data
E:\Users\megal\source\repos\PeggleScripting\v8helper2.cpp(179,33): warning C4244:         with
E:\Users\megal\source\repos\PeggleScripting\v8helper2.cpp(179,33): warning C4244:         [
E:\Users\megal\source\repos\PeggleScripting\v8helper2.cpp(179,33): warning C4244:             T=int64_t
E:\Users\megal\source\repos\PeggleScripting\v8helper2.cpp(179,33): warning C4244:         ]
  (compiling source file '/v8helper2.cpp')
  
E:\Users\megal\source\repos\PeggleScripting\v8helper2.cpp(219,13): warning C4244: 'initializing': conversion from 'T' to 'int', possible loss of data
E:\Users\megal\source\repos\PeggleScripting\v8helper2.cpp(219,13): warning C4244:         with
E:\Users\megal\source\repos\PeggleScripting\v8helper2.cpp(219,13): warning C4244:         [
E:\Users\megal\source\repos\PeggleScripting\v8helper2.cpp(219,13): warning C4244:             T=int64_t
E:\Users\megal\source\repos\PeggleScripting\v8helper2.cpp(219,13): warning C4244:         ]
  (compiling source file '/v8helper2.cpp')
  
E:\Users\megal\source\repos\PeggleScripting\v8helper2.cpp(229,13): warning C4244: 'initializing': conversion from 'T' to 'int', possible loss of data
E:\Users\megal\source\repos\PeggleScripting\v8helper2.cpp(229,13): warning C4244:         with
E:\Users\megal\source\repos\PeggleScripting\v8helper2.cpp(229,13): warning C4244:         [
E:\Users\megal\source\repos\PeggleScripting\v8helper2.cpp(229,13): warning C4244:             T=int64_t
E:\Users\megal\source\repos\PeggleScripting\v8helper2.cpp(229,13): warning C4244:         ]
  (compiling source file '/v8helper2.cpp')
  
E:\Users\megal\source\repos\PeggleScripting\v8helper2.cpp(242,15): warning C4244: '=': conversion from 'T' to 'uint32_t', possible loss of data
E:\Users\megal\source\repos\PeggleScripting\v8helper2.cpp(242,15): warning C4244:         with
E:\Users\megal\source\repos\PeggleScripting\v8helper2.cpp(242,15): warning C4244:         [
E:\Users\megal\source\repos\PeggleScripting\v8helper2.cpp(242,15): warning C4244:             T=int64_t
E:\Users\megal\source\repos\PeggleScripting\v8helper2.cpp(242,15): warning C4244:         ]
  (compiling source file '/v8helper2.cpp')
  
     Creating library E:\Users\megal\source\repos\PeggleScripting\Release\PeggleScripting.lib and object E:\Users\megal\source\repos\PeggleScripting\Release\PeggleScripting.exp
  Generating code
  Previous IPDB was built with incompatible compiler, fall back to full compilation.
  All 1613 functions were compiled because no usable IPDB/IOBJ from previous compilation was found.
  Finished generating code
  PeggleScripting.vcxproj -> E:\Users\megal\source\repos\PeggleScripting\Release\PeggleScripting.dll
  copies the pegglescripting.dll into the pegglescriptinggui folder so i can do the thing
          1 file(s) copied.
